PassengerId,Survived,Age,SibSp,Parch,Fare,FamilySize,Sex_male,Embarked_Q,Embarked_S,Pclass_2,Pclass_3,Title_Miss,Title_Mlle,Title_Mme,Title_Mr,Title_Mrs,Title_Ms,Title_Rare,Pclass,Embarked
1,0,22.0,1,0,7.25,2,True,False,True,False,True,False,False,False,True,False,False,False,3,S
2,1,38.0,1,0,71.2833,2,False,False,False,False,False,False,False,False,False,True,False,False,1,C
3,1,26.0,0,0,7.925,1,False,False,True,False,True,True,False,False,False,False,False,False,3,S
4,1,35.0,1,0,53.1,2,False,False,True,False,False,False,False,False,False,True,False,False,1,S
5,0,35.0,0,0,8.05,1,True,False,True,False,True,False,False,False,True,False,False,False,3,S
6,0,28.0,0,0,8.4583,1,True,True,False,False,True,False,False,False,True,False,False,False,3,Q
7,0,54.0,0,0,51.8625,1,True,False,True,False,False,False,False,False,True,False,False,False,1,S
8,0,2.0,3,1,21.075,5,True,False,True,False,True,False,False,False,False,False,False,False,3,S
9,1,27.0,0,2,11.1333,3,False,False,True,False,True,False,False,False,False,True,False,False,3,S
10,1,14.0,1,0,30.0708,2,False,False,False,True,False,False,False,False,False,True,False,False,2,C
11,1,4.0,1,1,16.7,3,False,False,True,False,True,True,False,False,False,False,False,False,3,S
12,1,58.0,0,0,26.55,1,False,False,True,False,False,True,False,False,False,False,False,False,1,S
13,0,20.0,0,0,8.05,1,True,False,True,False,True,False,False,False,True,False,False,False,3,S
14,0,39.0,1,5,31.275,7,True,False,True,False,True,False,False,False,True,False,False,False,3,S
15,0,14.0,0,0,7.8542,1,False,False,True,False,True,True,False,False,False,False,False,False,3,S
16,1,55.0,0,0,16.0,1,False,False,True,True,False,False,False,False,False,True,False,False,2,S
17,0,2.0,4,1,29.125,6,True,True,False,False,True,False,False,False,False,False,False,False,3,Q
18,1,28.0,0,0,13.0,1,True,False,True,True,False,False,False,False,True,False,False,False,2,S
19,0,31.0,1,0,18.0,2,False,False,True,False,True,False,False,False,False,True,False,False,3,S
20,1,28.0,0,0,7.225,1,False,False,False,False,True,False,False,False,False,True,False,False,3,C
21,0,35.0,0,0,26.0,1,True,False,True,True,False,False,False,False,True,False,False,False,2,S
22,1,34.0,0,0,13.0,1,True,False,True,True,False,False,False,False,True,False,False,False,2,S
23,1,15.0,0,0,8.0292,1,False,True,False,False,True,True,False,False,False,False,False,False,3,Q
24,1,28.0,0,0,35.5,1,True,False,True,False,False,False,False,False,True,False,False,False,1,S
25,0,8.0,3,1,21.075,5,False,False,True,False,True,True,False,False,False,False,False,False,3,S
26,1,38.0,1,5,31.3875,7,False,False,True,False,True,False,False,False,False,True,False,False,3,S
27,0,28.0,0,0,7.225,1,True,False,False,False,True,False,False,False,True,False,False,False,3,C
28,0,19.0,3,2,263.0,6,True,False,True,False,False,False,False,False,True,False,False,False,1,S
29,1,28.0,0,0,7.8792,1,False,True,False,False,True,True,False,False,False,False,False,False,3,Q
30,0,28.0,0,0,7.8958,1,True,False,True,False,True,False,False,False,True,False,False,False,3,S
31,0,40.0,0,0,27.7208,1,True,False,False,False,False,False,False,False,False,False,False,True,1,C
32,1,28.0,1,0,146.5208,2,False,False,False,False,False,False,False,False,False,True,False,False,1,C
33,1,28.0,0,0,7.75,1,False,True,False,False,True,True,False,False,False,False,False,False,3,Q
34,0,66.0,0,0,10.5,1,True,False,True,True,False,False,False,False,True,False,False,False,2,S
35,0,28.0,1,0,82.1708,2,True,False,False,False,False,False,False,False,True,False,False,False,1,C
36,0,42.0,1,0,52.0,2,True,False,True,False,False,False,False,False,True,False,False,False,1,S
37,1,28.0,0,0,7.2292,1,True,False,False,False,True,False,False,False,True,False,False,False,3,C
38,0,21.0,0,0,8.05,1,True,False,True,False,True,False,False,False,True,False,False,False,3,S
39,0,18.0,2,0,18.0,3,False,False,True,False,True,True,False,False,False,False,False,False,3,S
40,1,14.0,1,0,11.2417,2,False,False,False,False,True,True,False,False,False,False,False,False,3,C
41,0,40.0,1,0,9.475,2,False,False,True,False,True,False,False,False,False,True,False,False,3,S
42,0,27.0,1,0,21.0,2,False,False,True,True,False,False,False,False,False,True,False,False,2,S
43,0,28.0,0,0,7.8958,1,True,False,False,False,True,False,False,False,True,False,False,False,3,C
44,1,3.0,1,2,41.5792,4,False,False,False,True,False,True,False,False,False,False,False,False,2,C
45,1,19.0,0,0,7.8792,1,False,True,False,False,True,True,False,False,False,False,False,False,3,Q
46,0,28.0,0,0,8.05,1,True,False,True,False,True,False,False,False,True,False,False,False,3,S
47,0,28.0,1,0,15.5,2,True,True,False,False,True,False,False,False,True,False,False,False,3,Q
48,1,28.0,0,0,7.75,1,False,True,False,False,True,True,False,False,False,False,False,False,3,Q
49,0,28.0,2,0,21.6792,3,True,False,False,False,True,False,False,False,True,False,False,False,3,C
50,0,18.0,1,0,17.8,2,False,False,True,False,True,False,False,False,False,True,False,False,3,S
51,0,7.0,4,1,39.6875,6,True,False,True,False,True,False,False,False,False,False,False,False,3,S
52,0,21.0,0,0,7.8,1,True,False,True,False,True,False,False,False,True,False,False,False,3,S
53,1,49.0,1,0,76.7292,2,False,False,False,False,False,False,False,False,False,True,False,False,1,C
54,1,29.0,1,0,26.0,2,False,False,True,True,False,False,False,False,False,True,False,False,2,S
55,0,65.0,0,1,61.9792,2,True,False,False,False,False,False,False,False,True,False,False,False,1,C
56,1,28.0,0,0,35.5,1,True,False,True,False,False,False,False,False,True,False,False,False,1,S
57,1,21.0,0,0,10.5,1,False,False,True,True,False,True,False,False,False,False,False,False,2,S
58,0,28.5,0,0,7.2292,1,True,False,False,False,True,False,False,False,True,False,False,False,3,C
59,1,5.0,1,2,27.75,4,False,False,True,True,False,True,False,False,False,False,False,False,2,S
60,0,11.0,5,2,46.9,8,True,False,True,False,True,False,False,False,False,False,False,False,3,S
61,0,22.0,0,0,7.2292,1,True,False,False,False,True,False,False,False,True,False,False,False,3,C
62,1,38.0,0,0,80.0,1,False,False,True,False,False,True,False,False,False,False,False,False,1,S
63,0,45.0,1,0,83.475,2,True,False,True,False,False,False,False,False,True,False,False,False,1,S
64,0,4.0,3,2,27.9,6,True,False,True,False,True,False,False,False,False,False,False,False,3,S
65,0,28.0,0,0,27.7208,1,True,False,False,False,False,False,False,False,True,False,False,False,1,C
66,1,28.0,1,1,15.2458,3,True,False,False,False,True,False,False,False,False,False,False,False,3,C
67,1,29.0,0,0,10.5,1,False,False,True,True,False,False,False,False,False,True,False,False,2,S
68,0,19.0,0,0,8.1583,1,True,False,True,False,True,False,False,False,True,False,False,False,3,S
69,1,17.0,4,2,7.925,7,False,False,True,False,True,True,False,False,False,False,False,False,3,S
70,0,26.0,2,0,8.6625,3,True,False,True,False,True,False,False,False,True,False,False,False,3,S
71,0,32.0,0,0,10.5,1,True,False,True,True,False,False,False,False,True,False,False,False,2,S
72,0,16.0,5,2,46.9,8,False,False,True,False,True,True,False,False,False,False,False,False,3,S
73,0,21.0,0,0,73.5,1,True,False,True,True,False,False,False,False,True,False,False,False,2,S
74,0,26.0,1,0,14.4542,2,True,False,False,False,True,False,False,False,True,False,False,False,3,C
75,1,32.0,0,0,56.4958,1,True,False,True,False,True,False,False,False,True,False,False,False,3,S
76,0,25.0,0,0,7.65,1,True,False,True,False,True,False,False,False,True,False,False,False,3,S
77,0,28.0,0,0,7.8958,1,True,False,True,False,True,False,False,False,True,False,False,False,3,S
78,0,28.0,0,0,8.05,1,True,False,True,False,True,False,False,False,True,False,False,False,3,S
79,1,0.83,0,2,29.0,3,True,False,True,True,False,False,False,False,False,False,False,False,2,S
80,1,30.0,0,0,12.475,1,False,False,True,False,True,True,False,False,False,False,False,False,3,S
81,0,22.0,0,0,9.0,1,True,False,True,False,True,False,False,False,True,False,False,False,3,S
82,1,29.0,0,0,9.5,1,True,False,True,False,True,False,False,False,True,False,False,False,3,S
83,1,28.0,0,0,7.7875,1,False,True,False,False,True,True,False,False,False,False,False,False,3,Q
84,0,28.0,0,0,47.1,1,True,False,True,False,False,False,False,False,True,False,False,False,1,S
85,1,17.0,0,0,10.5,1,False,False,True,True,False,True,False,False,False,False,False,False,2,S
86,1,33.0,3,0,15.85,4,False,False,True,False,True,False,False,False,False,True,False,False,3,S
87,0,16.0,1,3,34.375,5,True,False,True,False,True,False,False,False,True,False,False,False,3,S
88,0,28.0,0,0,8.05,1,True,False,True,False,True,False,False,False,True,False,False,False,3,S
89,1,23.0,3,2,263.0,6,False,False,True,False,False,True,False,False,False,False,False,False,1,S
90,0,24.0,0,0,8.05,1,True,False,True,False,True,False,False,False,True,False,False,False,3,S
91,0,29.0,0,0,8.05,1,True,False,True,False,True,False,False,False,True,False,False,False,3,S
92,0,20.0,0,0,7.8542,1,True,False,True,False,True,False,False,False,True,False,False,False,3,S
93,0,46.0,1,0,61.175,2,True,False,True,False,False,False,False,False,True,False,False,False,1,S
94,0,26.0,1,2,20.575,4,True,False,True,False,True,False,False,False,True,False,False,False,3,S
95,0,59.0,0,0,7.25,1,True,False,True,False,True,False,False,False,True,False,False,False,3,S
96,0,28.0,0,0,8.05,1,True,False,True,False,True,False,False,False,True,False,False,False,3,S
97,0,71.0,0,0,34.6542,1,True,False,False,False,False,False,False,False,True,False,False,False,1,C
98,1,23.0,0,1,63.3583,2,True,False,False,False,False,False,False,False,True,False,False,False,1,C
99,1,34.0,0,1,23.0,2,False,False,True,True,False,False,False,False,False,True,False,False,2,S
100,0,34.0,1,0,26.0,2,True,False,True,True,False,False,False,False,True,False,False,False,2,S
101,0,28.0,0,0,7.8958,1,False,False,True,False,True,True,False,False,False,False,False,False,3,S
102,0,28.0,0,0,7.8958,1,True,False,True,False,True,False,False,False,True,False,False,False,3,S
103,0,21.0,0,1,77.2875,2,True,False,True,False,False,False,False,False,True,False,False,False,1,S
104,0,33.0,0,0,8.6542,1,True,False,True,False,True,False,False,False,True,False,False,False,3,S
105,0,37.0,2,0,7.925,3,True,False,True,False,True,False,False,False,True,False,False,False,3,S
106,0,28.0,0,0,7.8958,1,True,False,True,False,True,False,False,False,True,False,False,False,3,S
107,1,21.0,0,0,7.65,1,False,False,True,False,True,True,False,False,False,False,False,False,3,S
108,1,28.0,0,0,7.775,1,True,False,True,False,True,False,False,False,True,False,False,False,3,S
109,0,38.0,0,0,7.8958,1,True,False,True,False,True,False,False,False,True,False,False,False,3,S
110,1,28.0,1,0,24.15,2,False,True,False,False,True,True,False,False,False,False,False,False,3,Q
111,0,47.0,0,0,52.0,1,True,False,True,False,False,False,False,False,True,False,False,False,1,S
112,0,14.5,1,0,14.4542,2,False,False,False,False,True,True,False,False,False,False,False,False,3,C
113,0,22.0,0,0,8.05,1,True,False,True,False,True,False,False,False,True,False,False,False,3,S
114,0,20.0,1,0,9.825,2,False,False,True,False,True,True,False,False,False,False,False,False,3,S
115,0,17.0,0,0,14.4583,1,False,False,False,False,True,True,False,False,False,False,False,False,3,C
116,0,21.0,0,0,7.925,1,True,False,True,False,True,False,False,False,True,False,False,False,3,S
117,0,70.5,0,0,7.75,1,True,True,False,False,True,False,False,False,True,False,False,False,3,Q
118,0,29.0,1,0,21.0,2,True,False,True,True,False,False,False,False,True,False,False,False,2,S
119,0,24.0,0,1,247.5208,2,True,False,False,False,False,False,False,False,True,False,False,False,1,C
120,0,2.0,4,2,31.275,7,False,False,True,False,True,True,False,False,False,False,False,False,3,S
121,0,21.0,2,0,73.5,3,True,False,True,True,False,False,False,False,True,False,False,False,2,S
122,0,28.0,0,0,8.05,1,True,False,True,False,True,False,False,False,True,False,False,False,3,S
123,0,32.5,1,0,30.0708,2,True,False,False,True,False,False,False,False,True,False,False,False,2,C
124,1,32.5,0,0,13.0,1,False,False,True,True,False,True,False,False,False,False,False,False,2,S
125,0,54.0,0,1,77.2875,2,True,False,True,False,False,False,False,False,True,False,False,False,1,S
126,1,12.0,1,0,11.2417,2,True,False,False,False,True,False,False,False,False,False,False,False,3,C
127,0,28.0,0,0,7.75,1,True,True,False,False,True,False,False,False,True,False,False,False,3,Q
128,1,24.0,0,0,7.1417,1,True,False,True,False,True,False,False,False,True,False,False,False,3,S
129,1,28.0,1,1,22.3583,3,False,False,False,False,True,True,False,False,False,False,False,False,3,C
130,0,45.0,0,0,6.975,1,True,False,True,False,True,False,False,False,True,False,False,False,3,S
131,0,33.0,0,0,7.8958,1,True,False,False,False,True,False,False,False,True,False,False,False,3,C
132,0,20.0,0,0,7.05,1,True,False,True,False,True,False,False,False,True,False,False,False,3,S
133,0,47.0,1,0,14.5,2,False,False,True,False,True,False,False,False,False,True,False,False,3,S
134,1,29.0,1,0,26.0,2,False,False,True,True,False,False,False,False,False,True,False,False,2,S
135,0,25.0,0,0,13.0,1,True,False,True,True,False,False,False,False,True,False,False,False,2,S
136,0,23.0,0,0,15.0458,1,True,False,False,True,False,False,False,False,True,False,False,False,2,C
137,1,19.0,0,2,26.2833,3,False,False,True,False,False,True,False,False,False,False,False,False,1,S
138,0,37.0,1,0,53.1,2,True,False,True,False,False,False,False,False,True,False,False,False,1,S
139,0,16.0,0,0,9.2167,1,True,False,True,False,True,False,False,False,True,False,False,False,3,S
140,0,24.0,0,0,79.2,1,True,False,False,False,False,False,False,False,True,False,False,False,1,C
141,0,28.0,0,2,15.2458,3,False,False,False,False,True,False,False,False,False,True,False,False,3,C
142,1,22.0,0,0,7.75,1,False,False,True,False,True,True,False,False,False,False,False,False,3,S
143,1,24.0,1,0,15.85,2,False,False,True,False,True,False,False,False,False,True,False,False,3,S
144,0,19.0,0,0,6.75,1,True,True,False,False,True,False,False,False,True,False,False,False,3,Q
145,0,18.0,0,0,11.5,1,True,False,True,True,False,False,False,False,True,False,False,False,2,S
146,0,19.0,1,1,36.75,3,True,False,True,True,False,False,False,False,True,False,False,False,2,S
147,1,27.0,0,0,7.7958,1,True,False,True,False,True,False,False,False,True,False,False,False,3,S
148,0,9.0,2,2,34.375,5,False,False,True,False,True,True,False,False,False,False,False,False,3,S
149,0,36.5,0,2,26.0,3,True,False,True,True,False,False,False,False,True,False,False,False,2,S
150,0,42.0,0,0,13.0,1,True,False,True,True,False,False,False,False,False,False,False,True,2,S
151,0,51.0,0,0,12.525,1,True,False,True,True,False,False,False,False,False,False,False,True,2,S
152,1,22.0,1,0,66.6,2,False,False,True,False,False,False,False,False,False,True,False,False,1,S
153,0,55.5,0,0,8.05,1,True,False,True,False,True,False,False,False,True,False,False,False,3,S
154,0,40.5,0,2,14.5,3,True,False,True,False,True,False,False,False,True,False,False,False,3,S
155,0,28.0,0,0,7.3125,1,True,False,True,False,True,False,False,False,True,False,False,False,3,S
156,0,51.0,0,1,61.3792,2,True,False,False,False,False,False,False,False,True,False,False,False,1,C
157,1,16.0,0,0,7.7333,1,False,True,False,False,True,True,False,False,False,False,False,False,3,Q
158,0,30.0,0,0,8.05,1,True,False,True,False,True,False,False,False,True,False,False,False,3,S
159,0,28.0,0,0,8.6625,1,True,False,True,False,True,False,False,False,True,False,False,False,3,S
160,0,28.0,8,2,69.55,11,True,False,True,False,True,False,False,False,False,False,False,False,3,S
161,0,44.0,0,1,16.1,2,True,False,True,False,True,False,False,False,True,False,False,False,3,S
162,1,40.0,0,0,15.75,1,False,False,True,True,False,False,False,False,False,True,False,False,2,S
163,0,26.0,0,0,7.775,1,True,False,True,False,True,False,False,False,True,False,False,False,3,S
164,0,17.0,0,0,8.6625,1,True,False,True,False,True,False,False,False,True,False,False,False,3,S
165,0,1.0,4,1,39.6875,6,True,False,True,False,True,False,False,False,False,False,False,False,3,S
166,1,9.0,0,2,20.525,3,True,False,True,False,True,False,False,False,False,False,False,False,3,S
167,1,28.0,0,1,55.0,2,False,False,True,False,False,False,False,False,False,True,False,False,1,S
168,0,45.0,1,4,27.9,6,False,False,True,False,True,False,False,False,False,True,False,False,3,S
169,0,28.0,0,0,25.925,1,True,False,True,False,False,False,False,False,True,False,False,False,1,S
170,0,28.0,0,0,56.4958,1,True,False,True,False,True,False,False,False,True,False,False,False,3,S
171,0,61.0,0,0,33.5,1,True,False,True,False,False,False,False,False,True,False,False,False,1,S
172,0,4.0,4,1,29.125,6,True,True,False,False,True,False,False,False,False,False,False,False,3,Q
173,1,1.0,1,1,11.1333,3,False,False,True,False,True,True,False,False,False,False,False,False,3,S
174,0,21.0,0,0,7.925,1,True,False,True,False,True,False,False,False,True,False,False,False,3,S
175,0,56.0,0,0,30.6958,1,True,False,False,False,False,False,False,False,True,False,False,False,1,C
176,0,18.0,1,1,7.8542,3,True,False,True,False,True,False,False,False,True,False,False,False,3,S
177,0,28.0,3,1,25.4667,5,True,False,True,False,True,False,False,False,False,False,False,False,3,S
178,0,50.0,0,0,28.7125,1,False,False,False,False,False,True,False,False,False,False,False,False,1,C
179,0,30.0,0,0,13.0,1,True,False,True,True,False,False,False,False,True,False,False,False,2,S
180,0,36.0,0,0,0.0,1,True,False,True,False,True,False,False,False,True,False,False,False,3,S
181,0,28.0,8,2,69.55,11,False,False,True,False,True,True,False,False,False,False,False,False,3,S
182,0,28.0,0,0,15.05,1,True,False,False,True,False,False,False,False,True,False,False,False,2,C
183,0,9.0,4,2,31.3875,7,True,False,True,False,True,False,False,False,False,False,False,False,3,S
184,1,1.0,2,1,39.0,4,True,False,True,True,False,False,False,False,False,False,False,False,2,S
185,1,4.0,0,2,22.025,3,False,False,True,False,True,True,False,False,False,False,False,False,3,S
186,0,28.0,0,0,50.0,1,True,False,True,False,False,False,False,False,True,False,False,False,1,S
187,1,28.0,1,0,15.5,2,False,True,False,False,True,False,False,False,False,True,False,False,3,Q
188,1,45.0,0,0,26.55,1,True,False,True,False,False,False,False,False,True,False,False,False,1,S
189,0,40.0,1,1,15.5,3,True,True,False,False,True,False,False,False,True,False,False,False,3,Q
190,0,36.0,0,0,7.8958,1,True,False,True,False,True,False,False,False,True,False,False,False,3,S
191,1,32.0,0,0,13.0,1,False,False,True,True,False,False,False,False,False,True,False,False,2,S
192,0,19.0,0,0,13.0,1,True,False,True,True,False,False,False,False,True,False,False,False,2,S
193,1,19.0,1,0,7.8542,2,False,False,True,False,True,True,False,False,False,False,False,False,3,S
194,1,3.0,1,1,26.0,3,True,False,True,True,False,False,False,False,False,False,False,False,2,S
195,1,44.0,0,0,27.7208,1,False,False,False,False,False,False,False,False,False,True,False,False,1,C
196,1,58.0,0,0,146.5208,1,False,False,False,False,False,True,False,False,False,False,False,False,1,C
197,0,28.0,0,0,7.75,1,True,True,False,False,True,False,False,False,True,False,False,False,3,Q
198,0,42.0,0,1,8.4042,2,True,False,True,False,True,False,False,False,True,False,False,False,3,S
199,1,28.0,0,0,7.75,1,False,True,False,False,True,True,False,False,False,False,False,False,3,Q
200,0,24.0,0,0,13.0,1,False,False,True,True,False,True,False,False,False,False,False,False,2,S
201,0,28.0,0,0,9.5,1,True,False,True,False,True,False,False,False,True,False,False,False,3,S
202,0,28.0,8,2,69.55,11,True,False,True,False,True,False,False,False,True,False,False,False,3,S
203,0,34.0,0,0,6.4958,1,True,False,True,False,True,False,False,False,True,False,False,False,3,S
204,0,45.5,0,0,7.225,1,True,False,False,False,True,False,False,False,True,False,False,False,3,C
205,1,18.0,0,0,8.05,1,True,False,True,False,True,False,False,False,True,False,False,False,3,S
206,0,2.0,0,1,10.4625,2,False,False,True,False,True,True,False,False,False,False,False,False,3,S
207,0,32.0,1,0,15.85,2,True,False,True,False,True,False,False,False,True,False,False,False,3,S
208,1,26.0,0,0,18.7875,1,True,False,False,False,True,False,False,False,True,False,False,False,3,C
209,1,16.0,0,0,7.75,1,False,True,False,False,True,True,False,False,False,False,False,False,3,Q
210,1,40.0,0,0,31.0,1,True,False,False,False,False,False,False,False,True,False,False,False,1,C
211,0,24.0,0,0,7.05,1,True,False,True,False,True,False,False,False,True,False,False,False,3,S
212,1,35.0,0,0,21.0,1,False,False,True,True,False,True,False,False,False,False,False,False,2,S
213,0,22.0,0,0,7.25,1,True,False,True,False,True,False,False,False,True,False,False,False,3,S
214,0,30.0,0,0,13.0,1,True,False,True,True,False,False,False,False,True,False,False,False,2,S
215,0,28.0,1,0,7.75,2,True,True,False,False,True,False,False,False,True,False,False,False,3,Q
216,1,31.0,1,0,113.275,2,False,False,False,False,False,True,False,False,False,False,False,False,1,C
217,1,27.0,0,0,7.925,1,False,False,True,False,True,True,False,False,False,False,False,False,3,S
218,0,42.0,1,0,27.0,2,True,False,True,True,False,False,False,False,True,False,False,False,2,S
219,1,32.0,0,0,76.2917,1,False,False,False,False,False,True,False,False,False,False,False,False,1,C
220,0,30.0,0,0,10.5,1,True,False,True,True,False,False,False,False,True,False,False,False,2,S
221,1,16.0,0,0,8.05,1,True,False,True,False,True,False,False,False,True,False,False,False,3,S
222,0,27.0,0,0,13.0,1,True,False,True,True,False,False,False,False,True,False,False,False,2,S
223,0,51.0,0,0,8.05,1,True,False,True,False,True,False,False,False,True,False,False,False,3,S
224,0,28.0,0,0,7.8958,1,True,False,True,False,True,False,False,False,True,False,False,False,3,S
225,1,38.0,1,0,90.0,2,True,False,True,False,False,False,False,False,True,False,False,False,1,S
226,0,22.0,0,0,9.35,1,True,False,True,False,True,False,False,False,True,False,False,False,3,S
227,1,19.0,0,0,10.5,1,True,False,True,True,False,False,False,False,True,False,False,False,2,S
228,0,20.5,0,0,7.25,1,True,False,True,False,True,False,False,False,True,False,False,False,3,S
229,0,18.0,0,0,13.0,1,True,False,True,True,False,False,False,False,True,False,False,False,2,S
230,0,28.0,3,1,25.4667,5,False,False,True,False,True,True,False,False,False,False,False,False,3,S
231,1,35.0,1,0,83.475,2,False,False,True,False,False,False,False,False,False,True,False,False,1,S
232,0,29.0,0,0,7.775,1,True,False,True,False,True,False,False,False,True,False,False,False,3,S
233,0,59.0,0,0,13.5,1,True,False,True,True,False,False,False,False,True,False,False,False,2,S
234,1,5.0,4,2,31.3875,7,False,False,True,False,True,True,False,False,False,False,False,False,3,S
235,0,24.0,0,0,10.5,1,True,False,True,True,False,False,False,False,True,False,False,False,2,S
236,0,28.0,0,0,7.55,1,False,False,True,False,True,True,False,False,False,False,False,False,3,S
237,0,44.0,1,0,26.0,2,True,False,True,True,False,False,False,False,True,False,False,False,2,S
238,1,8.0,0,2,26.25,3,False,False,True,True,False,True,False,False,False,False,False,False,2,S
239,0,19.0,0,0,10.5,1,True,False,True,True,False,False,False,False,True,False,False,False,2,S
240,0,33.0,0,0,12.275,1,True,False,True,True,False,False,False,False,True,False,False,False,2,S
241,0,28.0,1,0,14.4542,2,False,False,False,False,True,True,False,False,False,False,False,False,3,C
242,1,28.0,1,0,15.5,2,False,True,False,False,True,True,False,False,False,False,False,False,3,Q
243,0,29.0,0,0,10.5,1,True,False,True,True,False,False,False,False,True,False,False,False,2,S
244,0,22.0,0,0,7.125,1,True,False,True,False,True,False,False,False,True,False,False,False,3,S
245,0,30.0,0,0,7.225,1,True,False,False,False,True,False,False,False,True,False,False,False,3,C
246,0,44.0,2,0,90.0,3,True,True,False,False,False,False,False,False,False,False,False,True,1,Q
247,0,25.0,0,0,7.775,1,False,False,True,False,True,True,False,False,False,False,False,False,3,S
248,1,24.0,0,2,14.5,3,False,False,True,True,False,False,False,False,False,True,False,False,2,S
249,1,37.0,1,1,52.5542,3,True,False,True,False,False,False,False,False,True,False,False,False,1,S
250,0,54.0,1,0,26.0,2,True,False,True,True,False,False,False,False,False,False,False,True,2,S
251,0,28.0,0,0,7.25,1,True,False,True,False,True,False,False,False,True,False,False,False,3,S
252,0,29.0,1,1,10.4625,3,False,False,True,False,True,False,False,False,False,True,False,False,3,S
253,0,62.0,0,0,26.55,1,True,False,True,False,False,False,False,False,True,False,False,False,1,S
254,0,30.0,1,0,16.1,2,True,False,True,False,True,False,False,False,True,False,False,False,3,S
255,0,41.0,0,2,20.2125,3,False,False,True,False,True,False,False,False,False,True,False,False,3,S
256,1,29.0,0,2,15.2458,3,False,False,False,False,True,False,False,False,False,True,False,False,3,C
257,1,28.0,0,0,79.2,1,False,False,False,False,False,False,False,False,False,True,False,False,1,C
258,1,30.0,0,0,86.5,1,False,False,True,False,False,True,False,False,False,False,False,False,1,S
259,1,35.0,0,0,512.3292,1,False,False,False,False,False,True,False,False,False,False,False,False,1,C
260,1,50.0,0,1,26.0,2,False,False,True,True,False,False,False,False,False,True,False,False,2,S
261,0,28.0,0,0,7.75,1,True,True,False,False,True,False,False,False,True,False,False,False,3,Q
262,1,3.0,4,2,31.3875,7,True,False,True,False,True,False,False,False,False,False,False,False,3,S
263,0,52.0,1,1,79.65,3,True,False,True,False,False,False,False,False,True,False,False,False,1,S
264,0,40.0,0,0,0.0,1,True,False,True,False,False,False,False,False,True,False,False,False,1,S
265,0,28.0,0,0,7.75,1,False,True,False,False,True,True,False,False,False,False,False,False,3,Q
266,0,36.0,0,0,10.5,1,True,False,True,True,False,False,False,False,True,False,False,False,2,S
267,0,16.0,4,1,39.6875,6,True,False,True,False,True,False,False,False,True,False,False,False,3,S
268,1,25.0,1,0,7.775,2,True,False,True,False,True,False,False,False,True,False,False,False,3,S
269,1,58.0,0,1,153.4625,2,False,False,True,False,False,False,False,False,False,True,False,False,1,S
270,1,35.0,0,0,135.6333,1,False,False,True,False,False,True,False,False,False,False,False,False,1,S
271,0,28.0,0,0,31.0,1,True,False,True,False,False,False,False,False,True,False,False,False,1,S
272,1,25.0,0,0,0.0,1,True,False,True,False,True,False,False,False,True,False,False,False,3,S
273,1,41.0,0,1,19.5,2,False,False,True,True,False,False,False,False,False,True,False,False,2,S
274,0,37.0,0,1,29.7,2,True,False,False,False,False,False,False,False,True,False,False,False,1,C
275,1,28.0,0,0,7.75,1,False,True,False,False,True,True,False,False,False,False,False,False,3,Q
276,1,63.0,1,0,77.9583,2,False,False,True,False,False,True,False,False,False,False,False,False,1,S
277,0,45.0,0,0,7.75,1,False,False,True,False,True,True,False,False,False,False,False,False,3,S
278,0,28.0,0,0,0.0,1,True,False,True,True,False,False,False,False,True,False,False,False,2,S
279,0,7.0,4,1,29.125,6,True,True,False,False,True,False,False,False,False,False,False,False,3,Q
280,1,35.0,1,1,20.25,3,False,False,True,False,True,False,False,False,False,True,False,False,3,S
281,0,65.0,0,0,7.75,1,True,True,False,False,True,False,False,False,True,False,False,False,3,Q
282,0,28.0,0,0,7.8542,1,True,False,True,False,True,False,False,False,True,False,False,False,3,S
283,0,16.0,0,0,9.5,1,True,False,True,False,True,False,False,False,True,False,False,False,3,S
284,1,19.0,0,0,8.05,1,True,False,True,False,True,False,False,False,True,False,False,False,3,S
285,0,28.0,0,0,26.0,1,True,False,True,False,False,False,False,False,True,False,False,False,1,S
286,0,33.0,0,0,8.6625,1,True,False,False,False,True,False,False,False,True,False,False,False,3,C
287,1,30.0,0,0,9.5,1,True,False,True,False,True,False,False,False,True,False,False,False,3,S
288,0,22.0,0,0,7.8958,1,True,False,True,False,True,False,False,False,True,False,False,False,3,S
289,1,42.0,0,0,13.0,1,True,False,True,True,False,False,False,False,True,False,False,False,2,S
290,1,22.0,0,0,7.75,1,False,True,False,False,True,True,False,False,False,False,False,False,3,Q
291,1,26.0,0,0,78.85,1,False,False,True,False,False,True,False,False,False,False,False,False,1,S
292,1,19.0,1,0,91.0792,2,False,False,False,False,False,False,False,False,False,True,False,False,1,C
293,0,36.0,0,0,12.875,1,True,False,False,True,False,False,False,False,True,False,False,False,2,C
294,0,24.0,0,0,8.85,1,False,False,True,False,True,True,False,False,False,False,False,False,3,S
295,0,24.0,0,0,7.8958,1,True,False,True,False,True,False,False,False,True,False,False,False,3,S
296,0,28.0,0,0,27.7208,1,True,False,False,False,False,False,False,False,True,False,False,False,1,C
297,0,23.5,0,0,7.2292,1,True,False,False,False,True,False,False,False,True,False,False,False,3,C
298,0,2.0,1,2,151.55,4,False,False,True,False,False,True,False,False,False,False,False,False,1,S
299,1,28.0,0,0,30.5,1,True,False,True,False,False,False,False,False,True,False,False,False,1,S
300,1,50.0,0,1,247.5208,2,False,False,False,False,False,False,False,False,False,True,False,False,1,C
301,1,28.0,0,0,7.75,1,False,True,False,False,True,True,False,False,False,False,False,False,3,Q
302,1,28.0,2,0,23.25,3,True,True,False,False,True,False,False,False,True,False,False,False,3,Q
303,0,19.0,0,0,0.0,1,True,False,True,False,True,False,False,False,True,False,False,False,3,S
304,1,28.0,0,0,12.35,1,False,True,False,True,False,True,False,False,False,False,False,False,2,Q
305,0,28.0,0,0,8.05,1,True,False,True,False,True,False,False,False,True,False,False,False,3,S
306,1,0.92,1,2,151.55,4,True,False,True,False,False,False,False,False,False,False,False,False,1,S
307,1,28.0,0,0,110.8833,1,False,False,False,False,False,True,False,False,False,False,False,False,1,C
308,1,17.0,1,0,108.9,2,False,False,False,False,False,False,False,False,False,True,False,False,1,C
309,0,30.0,1,0,24.0,2,True,False,False,True,False,False,False,False,True,False,False,False,2,C
310,1,30.0,0,0,56.9292,1,False,False,False,False,False,True,False,False,False,False,False,False,1,C
311,1,24.0,0,0,83.1583,1,False,False,False,False,False,True,False,False,False,False,False,False,1,C
312,1,18.0,2,2,262.375,5,False,False,False,False,False,True,False,False,False,False,False,False,1,C
313,0,26.0,1,1,26.0,3,False,False,True,True,False,False,False,False,False,True,False,False,2,S
314,0,28.0,0,0,7.8958,1,True,False,True,False,True,False,False,False,True,False,False,False,3,S
315,0,43.0,1,1,26.25,3,True,False,True,True,False,False,False,False,True,False,False,False,2,S
316,1,26.0,0,0,7.8542,1,False,False,True,False,True,True,False,False,False,False,False,False,3,S
317,1,24.0,1,0,26.0,2,False,False,True,True,False,False,False,False,False,True,False,False,2,S
318,0,54.0,0,0,14.0,1,True,False,True,True,False,False,False,False,False,False,False,True,2,S
319,1,31.0,0,2,164.8667,3,False,False,True,False,False,True,False,False,False,False,False,False,1,S
320,1,40.0,1,1,134.5,3,False,False,False,False,False,False,False,False,False,True,False,False,1,C
321,0,22.0,0,0,7.25,1,True,False,True,False,True,False,False,False,True,False,False,False,3,S
322,0,27.0,0,0,7.8958,1,True,False,True,False,True,False,False,False,True,False,False,False,3,S
323,1,30.0,0,0,12.35,1,False,True,False,True,False,True,False,False,False,False,False,False,2,Q
324,1,22.0,1,1,29.0,3,False,False,True,True,False,False,False,False,False,True,False,False,2,S
325,0,28.0,8,2,69.55,11,True,False,True,False,True,False,False,False,True,False,False,False,3,S
326,1,36.0,0,0,135.6333,1,False,False,False,False,False,True,False,False,False,False,False,False,1,C
327,0,61.0,0,0,6.2375,1,True,False,True,False,True,False,False,False,True,False,False,False,3,S
328,1,36.0,0,0,13.0,1,False,False,True,True,False,False,False,False,False,True,False,False,2,S
329,1,31.0,1,1,20.525,3,False,False,True,False,True,False,False,False,False,True,False,False,3,S
330,1,16.0,0,1,57.9792,2,False,False,False,False,False,True,False,False,False,False,False,False,1,C
331,1,28.0,2,0,23.25,3,False,True,False,False,True,True,False,False,False,False,False,False,3,Q
332,0,45.5,0,0,28.5,1,True,False,True,False,False,False,False,False,True,False,False,False,1,S
333,0,38.0,0,1,153.4625,2,True,False,True,False,False,False,False,False,True,False,False,False,1,S
334,0,16.0,2,0,18.0,3,True,False,True,False,True,False,False,False,True,False,False,False,3,S
335,1,28.0,1,0,133.65,2,False,False,True,False,False,False,False,False,False,True,False,False,1,S
336,0,28.0,0,0,7.8958,1,True,False,True,False,True,False,False,False,True,False,False,False,3,S
337,0,29.0,1,0,66.6,2,True,False,True,False,False,False,False,False,True,False,False,False,1,S
338,1,41.0,0,0,134.5,1,False,False,False,False,False,True,False,False,False,False,False,False,1,C
339,1,45.0,0,0,8.05,1,True,False,True,False,True,False,False,False,True,False,False,False,3,S
340,0,45.0,0,0,35.5,1,True,False,True,False,False,False,False,False,True,False,False,False,1,S
341,1,2.0,1,1,26.0,3,True,False,True,True,False,False,False,False,False,False,False,False,2,S
342,1,24.0,3,2,263.0,6,False,False,True,False,False,True,False,False,False,False,False,False,1,S
343,0,28.0,0,0,13.0,1,True,False,True,True,False,False,False,False,True,False,False,False,2,S
344,0,25.0,0,0,13.0,1,True,False,True,True,False,False,False,False,True,False,False,False,2,S
345,0,36.0,0,0,13.0,1,True,False,True,True,False,False,False,False,True,False,False,False,2,S
346,1,24.0,0,0,13.0,1,False,False,True,True,False,True,False,False,False,False,False,False,2,S
347,1,40.0,0,0,13.0,1,False,False,True,True,False,True,False,False,False,False,False,False,2,S
348,1,28.0,1,0,16.1,2,False,False,True,False,True,False,False,False,False,True,False,False,3,S
349,1,3.0,1,1,15.9,3,True,False,True,False,True,False,False,False,False,False,False,False,3,S
350,0,42.0,0,0,8.6625,1,True,False,True,False,True,False,False,False,True,False,False,False,3,S
351,0,23.0,0,0,9.225,1,True,False,True,False,True,False,False,False,True,False,False,False,3,S
352,0,28.0,0,0,35.0,1,True,False,True,False,False,False,False,False,True,False,False,False,1,S
353,0,15.0,1,1,7.2292,3,True,False,False,False,True,False,False,False,True,False,False,False,3,C
354,0,25.0,1,0,17.8,2,True,False,True,False,True,False,False,False,True,False,False,False,3,S
355,0,28.0,0,0,7.225,1,True,False,False,False,True,False,False,False,True,False,False,False,3,C
356,0,28.0,0,0,9.5,1,True,False,True,False,True,False,False,False,True,False,False,False,3,S
357,1,22.0,0,1,55.0,2,False,False,True,False,False,True,False,False,False,False,False,False,1,S
358,0,38.0,0,0,13.0,1,False,False,True,True,False,True,False,False,False,False,False,False,2,S
359,1,28.0,0,0,7.8792,1,False,True,False,False,True,True,False,False,False,False,False,False,3,Q
360,1,28.0,0,0,7.8792,1,False,True,False,False,True,True,False,False,False,False,False,False,3,Q
361,0,40.0,1,4,27.9,6,True,False,True,False,True,False,False,False,True,False,False,False,3,S
362,0,29.0,1,0,27.7208,2,True,False,False,True,False,False,False,False,True,False,False,False,2,C
363,0,45.0,0,1,14.4542,2,False,False,False,False,True,False,False,False,False,True,False,False,3,C
364,0,35.0,0,0,7.05,1,True,False,True,False,True,False,False,False,True,False,False,False,3,S
365,0,28.0,1,0,15.5,2,True,True,False,False,True,False,False,False,True,False,False,False,3,Q
366,0,30.0,0,0,7.25,1,True,False,True,False,True,False,False,False,True,False,False,False,3,S
367,1,60.0,1,0,75.25,2,False,False,False,False,False,False,False,False,False,True,False,False,1,C
368,1,28.0,0,0,7.2292,1,False,False,False,False,True,False,False,False,False,True,False,False,3,C
369,1,28.0,0,0,7.75,1,False,True,False,False,True,True,False,False,False,False,False,False,3,Q
370,1,24.0,0,0,69.3,1,False,False,False,False,False,False,False,True,False,False,False,False,1,C
371,1,25.0,1,0,55.4417,2,True,False,False,False,False,False,False,False,True,False,False,False,1,C
372,0,18.0,1,0,6.4958,2,True,False,True,False,True,False,False,False,True,False,False,False,3,S
373,0,19.0,0,0,8.05,1,True,False,True,False,True,False,False,False,True,False,False,False,3,S
374,0,22.0,0,0,135.6333,1,True,False,False,False,False,False,False,False,True,False,False,False,1,C
375,0,3.0,3,1,21.075,5,False,False,True,False,True,True,False,False,False,False,False,False,3,S
376,1,28.0,1,0,82.1708,2,False,False,False,False,False,False,False,False,False,True,False,False,1,C
377,1,22.0,0,0,7.25,1,False,False,True,False,True,True,False,False,False,False,False,False,3,S
378,0,27.0,0,2,211.5,3,True,False,False,False,False,False,False,False,True,False,False,False,1,C
379,0,20.0,0,0,4.0125,1,True,False,False,False,True,False,False,False,True,False,False,False,3,C
380,0,19.0,0,0,7.775,1,True,False,True,False,True,False,False,False,True,False,False,False,3,S
381,1,42.0,0,0,227.525,1,False,False,False,False,False,True,False,False,False,False,False,False,1,C
382,1,1.0,0,2,15.7417,3,False,False,False,False,True,True,False,False,False,False,False,False,3,C
383,0,32.0,0,0,7.925,1,True,False,True,False,True,False,False,False,True,False,False,False,3,S
384,1,35.0,1,0,52.0,2,False,False,True,False,False,False,False,False,False,True,False,False,1,S
385,0,28.0,0,0,7.8958,1,True,False,True,False,True,False,False,False,True,False,False,False,3,S
386,0,18.0,0,0,73.5,1,True,False,True,True,False,False,False,False,True,False,False,False,2,S
387,0,1.0,5,2,46.9,8,True,False,True,False,True,False,False,False,False,False,False,False,3,S
388,1,36.0,0,0,13.0,1,False,False,True,True,False,True,False,False,False,False,False,False,2,S
389,0,28.0,0,0,7.7292,1,True,True,False,False,True,False,False,False,True,False,False,False,3,Q
390,1,17.0,0,0,12.0,1,False,False,False,True,False,True,False,False,False,False,False,False,2,C
391,1,36.0,1,2,120.0,4,True,False,True,False,False,False,False,False,True,False,False,False,1,S
392,1,21.0,0,0,7.7958,1,True,False,True,False,True,False,False,False,True,False,False,False,3,S
393,0,28.0,2,0,7.925,3,True,False,True,False,True,False,False,False,True,False,False,False,3,S
394,1,23.0,1,0,113.275,2,False,False,False,False,False,True,False,False,False,False,False,False,1,C
395,1,24.0,0,2,16.7,3,False,False,True,False,True,False,False,False,False,True,False,False,3,S
396,0,22.0,0,0,7.7958,1,True,False,True,False,True,False,False,False,True,False,False,False,3,S
397,0,31.0,0,0,7.8542,1,False,False,True,False,True,True,False,False,False,False,False,False,3,S
398,0,46.0,0,0,26.0,1,True,False,True,True,False,False,False,False,True,False,False,False,2,S
399,0,23.0,0,0,10.5,1,True,False,True,True,False,False,False,False,False,False,False,True,2,S
400,1,28.0,0,0,12.65,1,False,False,True,True,False,False,False,False,False,True,False,False,2,S
401,1,39.0,0,0,7.925,1,True,False,True,False,True,False,False,False,True,False,False,False,3,S
402,0,26.0,0,0,8.05,1,True,False,True,False,True,False,False,False,True,False,False,False,3,S
403,0,21.0,1,0,9.825,2,False,False,True,False,True,True,False,False,False,False,False,False,3,S
404,0,28.0,1,0,15.85,2,True,False,True,False,True,False,False,False,True,False,False,False,3,S
405,0,20.0,0,0,8.6625,1,False,False,True,False,True,True,False,False,False,False,False,False,3,S
406,0,34.0,1,0,21.0,2,True,False,True,True,False,False,False,False,True,False,False,False,2,S
407,0,51.0,0,0,7.75,1,True,False,True,False,True,False,False,False,True,False,False,False,3,S
408,1,3.0,1,1,18.75,3,True,False,True,True,False,False,False,False,False,False,False,False,2,S
409,0,21.0,0,0,7.775,1,True,False,True,False,True,False,False,False,True,False,False,False,3,S
410,0,28.0,3,1,25.4667,5,False,False,True,False,True,True,False,False,False,False,False,False,3,S
411,0,28.0,0,0,7.8958,1,True,False,True,False,True,False,False,False,True,False,False,False,3,S
412,0,28.0,0,0,6.8583,1,True,True,False,False,True,False,False,False,True,False,False,False,3,Q
413,1,33.0,1,0,90.0,2,False,True,False,False,False,True,False,False,False,False,False,False,1,Q
414,0,28.0,0,0,0.0,1,True,False,True,True,False,False,False,False,True,False,False,False,2,S
415,1,44.0,0,0,7.925,1,True,False,True,False,True,False,False,False,True,False,False,False,3,S
416,0,28.0,0,0,8.05,1,False,False,True,False,True,False,False,False,False,True,False,False,3,S
417,1,34.0,1,1,32.5,3,False,False,True,True,False,False,False,False,False,True,False,False,2,S
418,1,18.0,0,2,13.0,3,False,False,True,True,False,True,False,False,False,False,False,False,2,S
419,0,30.0,0,0,13.0,1,True,False,True,True,False,False,False,False,True,False,False,False,2,S
420,0,10.0,0,2,24.15,3,False,False,True,False,True,True,False,False,False,False,False,False,3,S
421,0,28.0,0,0,7.8958,1,True,False,False,False,True,False,False,False,True,False,False,False,3,C
422,0,21.0,0,0,7.7333,1,True,True,False,False,True,False,False,False,True,False,False,False,3,Q
423,0,29.0,0,0,7.875,1,True,False,True,False,True,False,False,False,True,False,False,False,3,S
424,0,28.0,1,1,14.4,3,False,False,True,False,True,False,False,False,False,True,False,False,3,S
425,0,18.0,1,1,20.2125,3,True,False,True,False,True,False,False,False,True,False,False,False,3,S
426,0,28.0,0,0,7.25,1,True,False,True,False,True,False,False,False,True,False,False,False,3,S
427,1,28.0,1,0,26.0,2,False,False,True,True,False,False,False,False,False,True,False,False,2,S
428,1,19.0,0,0,26.0,1,False,False,True,True,False,True,False,False,False,False,False,False,2,S
429,0,28.0,0,0,7.75,1,True,True,False,False,True,False,False,False,True,False,False,False,3,Q
430,1,32.0,0,0,8.05,1,True,False,True,False,True,False,False,False,True,False,False,False,3,S
431,1,28.0,0,0,26.55,1,True,False,True,False,False,False,False,False,True,False,False,False,1,S
432,1,28.0,1,0,16.1,2,False,False,True,False,True,False,False,False,False,True,False,False,3,S
433,1,42.0,1,0,26.0,2,False,False,True,True,False,False,False,False,False,True,False,False,2,S
434,0,17.0,0,0,7.125,1,True,False,True,False,True,False,False,False,True,False,False,False,3,S
435,0,50.0,1,0,55.9,2,True,False,True,False,False,False,False,False,True,False,False,False,1,S
436,1,14.0,1,2,120.0,4,False,False,True,False,False,True,False,False,False,False,False,False,1,S
437,0,21.0,2,2,34.375,5,False,False,True,False,True,True,False,False,False,False,False,False,3,S
438,1,24.0,2,3,18.75,6,False,False,True,True,False,False,False,False,False,True,False,False,2,S
439,0,64.0,1,4,263.0,6,True,False,True,False,False,False,False,False,True,False,False,False,1,S
440,0,31.0,0,0,10.5,1,True,False,True,True,False,False,False,False,True,False,False,False,2,S
441,1,45.0,1,1,26.25,3,False,False,True,True,False,False,False,False,False,True,False,False,2,S
442,0,20.0,0,0,9.5,1,True,False,True,False,True,False,False,False,True,False,False,False,3,S
443,0,25.0,1,0,7.775,2,True,False,True,False,True,False,False,False,True,False,False,False,3,S
444,1,28.0,0,0,13.0,1,False,False,True,True,False,False,False,False,False,False,True,False,2,S
445,1,28.0,0,0,8.1125,1,True,False,True,False,True,False,False,False,True,False,False,False,3,S
446,1,4.0,0,2,81.8583,3,True,False,True,False,False,False,False,False,False,False,False,False,1,S
447,1,13.0,0,1,19.5,2,False,False,True,True,False,True,False,False,False,False,False,False,2,S
448,1,34.0,0,0,26.55,1,True,False,True,False,False,False,False,False,True,False,False,False,1,S
449,1,5.0,2,1,19.2583,4,False,False,False,False,True,True,False,False,False,False,False,False,3,C
450,1,52.0,0,0,30.5,1,True,False,True,False,False,False,False,False,False,False,False,True,1,S
451,0,36.0,1,2,27.75,4,True,False,True,True,False,False,False,False,True,False,False,False,2,S
452,0,28.0,1,0,19.9667,2,True,False,True,False,True,False,False,False,True,False,False,False,3,S
453,0,30.0,0,0,27.75,1,True,False,False,False,False,False,False,False,True,False,False,False,1,C
454,1,49.0,1,0,89.1042,2,True,False,False,False,False,False,False,False,True,False,False,False,1,C
455,0,28.0,0,0,8.05,1,True,False,True,False,True,False,False,False,True,False,False,False,3,S
456,1,29.0,0,0,7.8958,1,True,False,False,False,True,False,False,False,True,False,False,False,3,C
457,0,65.0,0,0,26.55,1,True,False,True,False,False,False,False,False,True,False,False,False,1,S
458,1,28.0,1,0,51.8625,2,False,False,True,False,False,False,False,False,False,True,False,False,1,S
459,1,50.0,0,0,10.5,1,False,False,True,True,False,True,False,False,False,False,False,False,2,S
460,0,28.0,0,0,7.75,1,True,True,False,False,True,False,False,False,True,False,False,False,3,Q
461,1,48.0,0,0,26.55,1,True,False,True,False,False,False,False,False,True,False,False,False,1,S
462,0,34.0,0,0,8.05,1,True,False,True,False,True,False,False,False,True,False,False,False,3,S
463,0,47.0,0,0,38.5,1,True,False,True,False,False,False,False,False,True,False,False,False,1,S
464,0,48.0,0,0,13.0,1,True,False,True,True,False,False,False,False,True,False,False,False,2,S
465,0,28.0,0,0,8.05,1,True,False,True,False,True,False,False,False,True,False,False,False,3,S
466,0,38.0,0,0,7.05,1,True,False,True,False,True,False,False,False,True,False,False,False,3,S
467,0,28.0,0,0,0.0,1,True,False,True,True,False,False,False,False,True,False,False,False,2,S
468,0,56.0,0,0,26.55,1,True,False,True,False,False,False,False,False,True,False,False,False,1,S
469,0,28.0,0,0,7.725,1,True,True,False,False,True,False,False,False,True,False,False,False,3,Q
470,1,0.75,2,1,19.2583,4,False,False,False,False,True,True,False,False,False,False,False,False,3,C
471,0,28.0,0,0,7.25,1,True,False,True,False,True,False,False,False,True,False,False,False,3,S
472,0,38.0,0,0,8.6625,1,True,False,True,False,True,False,False,False,True,False,False,False,3,S
473,1,33.0,1,2,27.75,4,False,False,True,True,False,False,False,False,False,True,False,False,2,S
474,1,23.0,0,0,13.7917,1,False,False,False,True,False,False,False,False,False,True,False,False,2,C
475,0,22.0,0,0,9.8375,1,False,False,True,False,True,True,False,False,False,False,False,False,3,S
476,0,28.0,0,0,52.0,1,True,False,True,False,False,False,False,False,True,False,False,False,1,S
477,0,34.0,1,0,21.0,2,True,False,True,True,False,False,False,False,True,False,False,False,2,S
478,0,29.0,1,0,7.0458,2,True,False,True,False,True,False,False,False,True,False,False,False,3,S
479,0,22.0,0,0,7.5208,1,True,False,True,False,True,False,False,False,True,False,False,False,3,S
480,1,2.0,0,1,12.2875,2,False,False,True,False,True,True,False,False,False,False,False,False,3,S
481,0,9.0,5,2,46.9,8,True,False,True,False,True,False,False,False,False,False,False,False,3,S
482,0,28.0,0,0,0.0,1,True,False,True,True,False,False,False,False,True,False,False,False,2,S
483,0,50.0,0,0,8.05,1,True,False,True,False,True,False,False,False,True,False,False,False,3,S
484,1,63.0,0,0,9.5875,1,False,False,True,False,True,False,False,False,False,True,False,False,3,S
485,1,25.0,1,0,91.0792,2,True,False,False,False,False,False,False,False,True,False,False,False,1,C
486,0,28.0,3,1,25.4667,5,False,False,True,False,True,True,False,False,False,False,False,False,3,S
487,1,35.0,1,0,90.0,2,False,False,True,False,False,False,False,False,False,True,False,False,1,S
488,0,58.0,0,0,29.7,1,True,False,False,False,False,False,False,False,True,False,False,False,1,C
489,0,30.0,0,0,8.05,1,True,False,True,False,True,False,False,False,True,False,False,False,3,S
490,1,9.0,1,1,15.9,3,True,False,True,False,True,False,False,False,False,False,False,False,3,S
491,0,28.0,1,0,19.9667,2,True,False,True,False,True,False,False,False,True,False,False,False,3,S
492,0,21.0,0,0,7.25,1,True,False,True,False,True,False,False,False,True,False,False,False,3,S
493,0,55.0,0,0,30.5,1,True,False,True,False,False,False,False,False,True,False,False,False,1,S
494,0,71.0,0,0,49.5042,1,True,False,False,False,False,False,False,False,True,False,False,False,1,C
495,0,21.0,0,0,8.05,1,True,False,True,False,True,False,False,False,True,False,False,False,3,S
496,0,28.0,0,0,14.4583,1,True,False,False,False,True,False,False,False,True,False,False,False,3,C
497,1,54.0,1,0,78.2667,2,False,False,False,False,False,True,False,False,False,False,False,False,1,C
498,0,28.0,0,0,15.1,1,True,False,True,False,True,False,False,False,True,False,False,False,3,S
499,0,25.0,1,2,151.55,4,False,False,True,False,False,False,False,False,False,True,False,False,1,S
500,0,24.0,0,0,7.7958,1,True,False,True,False,True,False,False,False,True,False,False,False,3,S
501,0,17.0,0,0,8.6625,1,True,False,True,False,True,False,False,False,True,False,False,False,3,S
502,0,21.0,0,0,7.75,1,False,True,False,False,True,True,False,False,False,False,False,False,3,Q
503,0,28.0,0,0,7.6292,1,False,True,False,False,True,True,False,False,False,False,False,False,3,Q
504,0,37.0,0,0,9.5875,1,False,False,True,False,True,True,False,False,False,False,False,False,3,S
505,1,16.0,0,0,86.5,1,False,False,True,False,False,True,False,False,False,False,False,False,1,S
506,0,18.0,1,0,108.9,2,True,False,False,False,False,False,False,False,True,False,False,False,1,C
507,1,33.0,0,2,26.0,3,False,False,True,True,False,False,False,False,False,True,False,False,2,S
508,1,28.0,0,0,26.55,1,True,False,True,False,False,False,False,False,True,False,False,False,1,S
509,0,28.0,0,0,22.525,1,True,False,True,False,True,False,False,False,True,False,False,False,3,S
510,1,26.0,0,0,56.4958,1,True,False,True,False,True,False,False,False,True,False,False,False,3,S
511,1,29.0,0,0,7.75,1,True,True,False,False,True,False,False,False,True,False,False,False,3,Q
512,0,28.0,0,0,8.05,1,True,False,True,False,True,False,False,False,True,False,False,False,3,S
513,1,36.0,0,0,26.2875,1,True,False,True,False,False,False,False,False,True,False,False,False,1,S
514,1,54.0,1,0,59.4,2,False,False,False,False,False,False,False,False,False,True,False,False,1,C
515,0,24.0,0,0,7.4958,1,True,False,True,False,True,False,False,False,True,False,False,False,3,S
516,0,47.0,0,0,34.0208,1,True,False,True,False,False,False,False,False,True,False,False,False,1,S
517,1,34.0,0,0,10.5,1,False,False,True,True,False,False,False,False,False,True,False,False,2,S
518,0,28.0,0,0,24.15,1,True,True,False,False,True,False,False,False,True,False,False,False,3,Q
519,1,36.0,1,0,26.0,2,False,False,True,True,False,False,False,False,False,True,False,False,2,S
520,0,32.0,0,0,7.8958,1,True,False,True,False,True,False,False,False,True,False,False,False,3,S
521,1,30.0,0,0,93.5,1,False,False,True,False,False,True,False,False,False,False,False,False,1,S
522,0,22.0,0,0,7.8958,1,True,False,True,False,True,False,False,False,True,False,False,False,3,S
523,0,28.0,0,0,7.225,1,True,False,False,False,True,False,False,False,True,False,False,False,3,C
524,1,44.0,0,1,57.9792,2,False,False,False,False,False,False,False,False,False,True,False,False,1,C
525,0,28.0,0,0,7.2292,1,True,False,False,False,True,False,False,False,True,False,False,False,3,C
526,0,40.5,0,0,7.75,1,True,True,False,False,True,False,False,False,True,False,False,False,3,Q
527,1,50.0,0,0,10.5,1,False,False,True,True,False,True,False,False,False,False,False,False,2,S
528,0,28.0,0,0,221.7792,1,True,False,True,False,False,False,False,False,True,False,False,False,1,S
529,0,39.0,0,0,7.925,1,True,False,True,False,True,False,False,False,True,False,False,False,3,S
530,0,23.0,2,1,11.5,4,True,False,True,True,False,False,False,False,True,False,False,False,2,S
531,1,2.0,1,1,26.0,3,False,False,True,True,False,True,False,False,False,False,False,False,2,S
532,0,28.0,0,0,7.2292,1,True,False,False,False,True,False,False,False,True,False,False,False,3,C
533,0,17.0,1,1,7.2292,3,True,False,False,False,True,False,False,False,True,False,False,False,3,C
534,1,28.0,0,2,22.3583,3,False,False,False,False,True,False,False,False,False,True,False,False,3,C
535,0,30.0,0,0,8.6625,1,False,False,True,False,True,True,False,False,False,False,False,False,3,S
536,1,7.0,0,2,26.25,3,False,False,True,True,False,True,False,False,False,False,False,False,2,S
537,0,45.0,0,0,26.55,1,True,False,True,False,False,False,False,False,False,False,False,True,1,S
538,1,30.0,0,0,106.425,1,False,False,False,False,False,True,False,False,False,False,False,False,1,C
539,0,28.0,0,0,14.5,1,True,False,True,False,True,False,False,False,True,False,False,False,3,S
540,1,22.0,0,2,49.5,3,False,False,False,False,False,True,False,False,False,False,False,False,1,C
541,1,36.0,0,2,71.0,3,False,False,True,False,False,True,False,False,False,False,False,False,1,S
542,0,9.0,4,2,31.275,7,False,False,True,False,True,True,False,False,False,False,False,False,3,S
543,0,11.0,4,2,31.275,7,False,False,True,False,True,True,False,False,False,False,False,False,3,S
544,1,32.0,1,0,26.0,2,True,False,True,True,False,False,False,False,True,False,False,False,2,S
545,0,50.0,1,0,106.425,2,True,False,False,False,False,False,False,False,True,False,False,False,1,C
546,0,64.0,0,0,26.0,1,True,False,True,False,False,False,False,False,True,False,False,False,1,S
547,1,19.0,1,0,26.0,2,False,False,True,True,False,False,False,False,False,True,False,False,2,S
548,1,28.0,0,0,13.8625,1,True,False,False,True,False,False,False,False,True,False,False,False,2,C
549,0,33.0,1,1,20.525,3,True,False,True,False,True,False,False,False,True,False,False,False,3,S
550,1,8.0,1,1,36.75,3,True,False,True,True,False,False,False,False,False,False,False,False,2,S
551,1,17.0,0,2,110.8833,3,True,False,False,False,False,False,False,False,True,False,False,False,1,C
552,0,27.0,0,0,26.0,1,True,False,True,True,False,False,False,False,True,False,False,False,2,S
553,0,28.0,0,0,7.8292,1,True,True,False,False,True,False,False,False,True,False,False,False,3,Q
554,1,22.0,0,0,7.225,1,True,False,False,False,True,False,False,False,True,False,False,False,3,C
555,1,22.0,0,0,7.775,1,False,False,True,False,True,True,False,False,False,False,False,False,3,S
556,0,62.0,0,0,26.55,1,True,False,True,False,False,False,False,False,True,False,False,False,1,S
557,1,48.0,1,0,39.6,2,False,False,False,False,False,False,False,False,False,False,False,True,1,C
558,0,28.0,0,0,227.525,1,True,False,False,False,False,False,False,False,True,False,False,False,1,C
559,1,39.0,1,1,79.65,3,False,False,True,False,False,False,False,False,False,True,False,False,1,S
560,1,36.0,1,0,17.4,2,False,False,True,False,True,False,False,False,False,True,False,False,3,S
561,0,28.0,0,0,7.75,1,True,True,False,False,True,False,False,False,True,False,False,False,3,Q
562,0,40.0,0,0,7.8958,1,True,False,True,False,True,False,False,False,True,False,False,False,3,S
563,0,28.0,0,0,13.5,1,True,False,True,True,False,False,False,False,True,False,False,False,2,S
564,0,28.0,0,0,8.05,1,True,False,True,False,True,False,False,False,True,False,False,False,3,S
565,0,28.0,0,0,8.05,1,False,False,True,False,True,True,False,False,False,False,False,False,3,S
566,0,24.0,2,0,24.15,3,True,False,True,False,True,False,False,False,True,False,False,False,3,S
567,0,19.0,0,0,7.8958,1,True,False,True,False,True,False,False,False,True,False,False,False,3,S
568,0,29.0,0,4,21.075,5,False,False,True,False,True,False,False,False,False,True,False,False,3,S
569,0,28.0,0,0,7.2292,1,True,False,False,False,True,False,False,False,True,False,False,False,3,C
570,1,32.0,0,0,7.8542,1,True,False,True,False,True,False,False,False,True,False,False,False,3,S
571,1,62.0,0,0,10.5,1,True,False,True,True,False,False,False,False,True,False,False,False,2,S
572,1,53.0,2,0,51.4792,3,False,False,True,False,False,False,False,False,False,True,False,False,1,S
573,1,36.0,0,0,26.3875,1,True,False,True,False,False,False,False,False,True,False,False,False,1,S
574,1,28.0,0,0,7.75,1,False,True,False,False,True,True,False,False,False,False,False,False,3,Q
575,0,16.0,0,0,8.05,1,True,False,True,False,True,False,False,False,True,False,False,False,3,S
576,0,19.0,0,0,14.5,1,True,False,True,False,True,False,False,False,True,False,False,False,3,S
577,1,34.0,0,0,13.0,1,False,False,True,True,False,True,False,False,False,False,False,False,2,S
578,1,39.0,1,0,55.9,2,False,False,True,False,False,False,False,False,False,True,False,False,1,S
579,0,28.0,1,0,14.4583,2,False,False,False,False,True,False,False,False,False,True,False,False,3,C
580,1,32.0,0,0,7.925,1,True,False,True,False,True,False,False,False,True,False,False,False,3,S
581,1,25.0,1,1,30.0,3,False,False,True,True,False,True,False,False,False,False,False,False,2,S
582,1,39.0,1,1,110.8833,3,False,False,False,False,False,False,False,False,False,True,False,False,1,C
583,0,54.0,0,0,26.0,1,True,False,True,True,False,False,False,False,True,False,False,False,2,S
584,0,36.0,0,0,40.125,1,True,False,False,False,False,False,False,False,True,False,False,False,1,C
585,0,28.0,0,0,8.7125,1,True,False,False,False,True,False,False,False,True,False,False,False,3,C
586,1,18.0,0,2,79.65,3,False,False,True,False,False,True,False,False,False,False,False,False,1,S
587,0,47.0,0,0,15.0,1,True,False,True,True,False,False,False,False,True,False,False,False,2,S
588,1,60.0,1,1,79.2,3,True,False,False,False,False,False,False,False,True,False,False,False,1,C
589,0,22.0,0,0,8.05,1,True,False,True,False,True,False,False,False,True,False,False,False,3,S
590,0,28.0,0,0,8.05,1,True,False,True,False,True,False,False,False,True,False,False,False,3,S
591,0,35.0,0,0,7.125,1,True,False,True,False,True,False,False,False,True,False,False,False,3,S
592,1,52.0,1,0,78.2667,2,False,False,False,False,False,False,False,False,False,True,False,False,1,C
593,0,47.0,0,0,7.25,1,True,False,True,False,True,False,False,False,True,False,False,False,3,S
594,0,28.0,0,2,7.75,3,False,True,False,False,True,True,False,False,False,False,False,False,3,Q
595,0,37.0,1,0,26.0,2,True,False,True,True,False,False,False,False,True,False,False,False,2,S
596,0,36.0,1,1,24.15,3,True,False,True,False,True,False,False,False,True,False,False,False,3,S
597,1,28.0,0,0,33.0,1,False,False,True,True,False,True,False,False,False,False,False,False,2,S
598,0,49.0,0,0,0.0,1,True,False,True,False,True,False,False,False,True,False,False,False,3,S
599,0,28.0,0,0,7.225,1,True,False,False,False,True,False,False,False,True,False,False,False,3,C
600,1,49.0,1,0,56.9292,2,True,False,False,False,False,False,False,False,False,False,False,True,1,C
601,1,24.0,2,1,27.0,4,False,False,True,True,False,False,False,False,False,True,False,False,2,S
602,0,28.0,0,0,7.8958,1,True,False,True,False,True,False,False,False,True,False,False,False,3,S
603,0,28.0,0,0,42.4,1,True,False,True,False,False,False,False,False,True,False,False,False,1,S
604,0,44.0,0,0,8.05,1,True,False,True,False,True,False,False,False,True,False,False,False,3,S
605,1,35.0,0,0,26.55,1,True,False,False,False,False,False,False,False,True,False,False,False,1,C
606,0,36.0,1,0,15.55,2,True,False,True,False,True,False,False,False,True,False,False,False,3,S
607,0,30.0,0,0,7.8958,1,True,False,True,False,True,False,False,False,True,False,False,False,3,S
608,1,27.0,0,0,30.5,1,True,False,True,False,False,False,False,False,True,False,False,False,1,S
609,1,22.0,1,2,41.5792,4,False,False,False,True,False,False,False,False,False,True,False,False,2,C
610,1,40.0,0,0,153.4625,1,False,False,True,False,False,True,False,False,False,False,False,False,1,S
611,0,39.0,1,5,31.275,7,False,False,True,False,True,False,False,False,False,True,False,False,3,S
612,0,28.0,0,0,7.05,1,True,False,True,False,True,False,False,False,True,False,False,False,3,S
613,1,28.0,1,0,15.5,2,False,True,False,False,True,True,False,False,False,False,False,False,3,Q
614,0,28.0,0,0,7.75,1,True,True,False,False,True,False,False,False,True,False,False,False,3,Q
615,0,35.0,0,0,8.05,1,True,False,True,False,True,False,False,False,True,False,False,False,3,S
616,1,24.0,1,2,65.0,4,False,False,True,True,False,True,False,False,False,False,False,False,2,S
617,0,34.0,1,1,14.4,3,True,False,True,False,True,False,False,False,True,False,False,False,3,S
618,0,26.0,1,0,16.1,2,False,False,True,False,True,False,False,False,False,True,False,False,3,S
619,1,4.0,2,1,39.0,4,False,False,True,True,False,True,False,False,False,False,False,False,2,S
620,0,26.0,0,0,10.5,1,True,False,True,True,False,False,False,False,True,False,False,False,2,S
621,0,27.0,1,0,14.4542,2,True,False,False,False,True,False,False,False,True,False,False,False,3,C
622,1,42.0,1,0,52.5542,2,True,False,True,False,False,False,False,False,True,False,False,False,1,S
623,1,20.0,1,1,15.7417,3,True,False,False,False,True,False,False,False,True,False,False,False,3,C
624,0,21.0,0,0,7.8542,1,True,False,True,False,True,False,False,False,True,False,False,False,3,S
625,0,21.0,0,0,16.1,1,True,False,True,False,True,False,False,False,True,False,False,False,3,S
626,0,61.0,0,0,32.3208,1,True,False,True,False,False,False,False,False,True,False,False,False,1,S
627,0,57.0,0,0,12.35,1,True,True,False,True,False,False,False,False,False,False,False,True,2,Q
628,1,21.0,0,0,77.9583,1,False,False,True,False,False,True,False,False,False,False,False,False,1,S
629,0,26.0,0,0,7.8958,1,True,False,True,False,True,False,False,False,True,False,False,False,3,S
630,0,28.0,0,0,7.7333,1,True,True,False,False,True,False,False,False,True,False,False,False,3,Q
631,1,80.0,0,0,30.0,1,True,False,True,False,False,False,False,False,True,False,False,False,1,S
632,0,51.0,0,0,7.0542,1,True,False,True,False,True,False,False,False,True,False,False,False,3,S
633,1,32.0,0,0,30.5,1,True,False,False,False,False,False,False,False,False,False,False,True,1,C
634,0,28.0,0,0,0.0,1,True,False,True,False,False,False,False,False,True,False,False,False,1,S
635,0,9.0,3,2,27.9,6,False,False,True,False,True,True,False,False,False,False,False,False,3,S
636,1,28.0,0,0,13.0,1,False,False,True,True,False,True,False,False,False,False,False,False,2,S
637,0,32.0,0,0,7.925,1,True,False,True,False,True,False,False,False,True,False,False,False,3,S
638,0,31.0,1,1,26.25,3,True,False,True,True,False,False,False,False,True,False,False,False,2,S
639,0,41.0,0,5,39.6875,6,False,False,True,False,True,False,False,False,False,True,False,False,3,S
640,0,28.0,1,0,16.1,2,True,False,True,False,True,False,False,False,True,False,False,False,3,S
641,0,20.0,0,0,7.8542,1,True,False,True,False,True,False,False,False,True,False,False,False,3,S
642,1,24.0,0,0,69.3,1,False,False,False,False,False,False,True,False,False,False,False,False,1,C
643,0,2.0,3,2,27.9,6,False,False,True,False,True,True,False,False,False,False,False,False,3,S
644,1,28.0,0,0,56.4958,1,True,False,True,False,True,False,False,False,True,False,False,False,3,S
645,1,0.75,2,1,19.2583,4,False,False,False,False,True,True,False,False,False,False,False,False,3,C
646,1,48.0,1,0,76.7292,2,True,False,False,False,False,False,False,False,True,False,False,False,1,C
647,0,19.0,0,0,7.8958,1,True,False,True,False,True,False,False,False,True,False,False,False,3,S
648,1,56.0,0,0,35.5,1,True,False,False,False,False,False,False,False,False,False,False,True,1,C
649,0,28.0,0,0,7.55,1,True,False,True,False,True,False,False,False,True,False,False,False,3,S
650,1,23.0,0,0,7.55,1,False,False,True,False,True,True,False,False,False,False,False,False,3,S
651,0,28.0,0,0,7.8958,1,True,False,True,False,True,False,False,False,True,False,False,False,3,S
652,1,18.0,0,1,23.0,2,False,False,True,True,False,True,False,False,False,False,False,False,2,S
653,0,21.0,0,0,8.4333,1,True,False,True,False,True,False,False,False,True,False,False,False,3,S
654,1,28.0,0,0,7.8292,1,False,True,False,False,True,True,False,False,False,False,False,False,3,Q
655,0,18.0,0,0,6.75,1,False,True,False,False,True,True,False,False,False,False,False,False,3,Q
656,0,24.0,2,0,73.5,3,True,False,True,True,False,False,False,False,True,False,False,False,2,S
657,0,28.0,0,0,7.8958,1,True,False,True,False,True,False,False,False,True,False,False,False,3,S
658,0,32.0,1,1,15.5,3,False,True,False,False,True,False,False,False,False,True,False,False,3,Q
659,0,23.0,0,0,13.0,1,True,False,True,True,False,False,False,False,True,False,False,False,2,S
660,0,58.0,0,2,113.275,3,True,False,False,False,False,False,False,False,True,False,False,False,1,C
661,1,50.0,2,0,133.65,3,True,False,True,False,False,False,False,False,False,False,False,True,1,S
662,0,40.0,0,0,7.225,1,True,False,False,False,True,False,False,False,True,False,False,False,3,C
663,0,47.0,0,0,25.5875,1,True,False,True,False,False,False,False,False,True,False,False,False,1,S
664,0,36.0,0,0,7.4958,1,True,False,True,False,True,False,False,False,True,False,False,False,3,S
665,1,20.0,1,0,7.925,2,True,False,True,False,True,False,False,False,True,False,False,False,3,S
666,0,32.0,2,0,73.5,3,True,False,True,True,False,False,False,False,True,False,False,False,2,S
667,0,25.0,0,0,13.0,1,True,False,True,True,False,False,False,False,True,False,False,False,2,S
668,0,28.0,0,0,7.775,1,True,False,True,False,True,False,False,False,True,False,False,False,3,S
669,0,43.0,0,0,8.05,1,True,False,True,False,True,False,False,False,True,False,False,False,3,S
670,1,28.0,1,0,52.0,2,False,False,True,False,False,False,False,False,False,True,False,False,1,S
671,1,40.0,1,1,39.0,3,False,False,True,True,False,False,False,False,False,True,False,False,2,S
672,0,31.0,1,0,52.0,2,True,False,True,False,False,False,False,False,True,False,False,False,1,S
673,0,70.0,0,0,10.5,1,True,False,True,True,False,False,False,False,True,False,False,False,2,S
674,1,31.0,0,0,13.0,1,True,False,True,True,False,False,False,False,True,False,False,False,2,S
675,0,28.0,0,0,0.0,1,True,False,True,True,False,False,False,False,True,False,False,False,2,S
676,0,18.0,0,0,7.775,1,True,False,True,False,True,False,False,False,True,False,False,False,3,S
677,0,24.5,0,0,8.05,1,True,False,True,False,True,False,False,False,True,False,False,False,3,S
678,1,18.0,0,0,9.8417,1,False,False,True,False,True,True,False,False,False,False,False,False,3,S
679,0,43.0,1,6,46.9,8,False,False,True,False,True,False,False,False,False,True,False,False,3,S
680,1,36.0,0,1,512.3292,2,True,False,False,False,False,False,False,False,True,False,False,False,1,C
681,0,28.0,0,0,8.1375,1,False,True,False,False,True,True,False,False,False,False,False,False,3,Q
682,1,27.0,0,0,76.7292,1,True,False,False,False,False,False,False,False,True,False,False,False,1,C
683,0,20.0,0,0,9.225,1,True,False,True,False,True,False,False,False,True,False,False,False,3,S
684,0,14.0,5,2,46.9,8,True,False,True,False,True,False,False,False,True,False,False,False,3,S
685,0,60.0,1,1,39.0,3,True,False,True,True,False,False,False,False,True,False,False,False,2,S
686,0,25.0,1,2,41.5792,4,True,False,False,True,False,False,False,False,True,False,False,False,2,C
687,0,14.0,4,1,39.6875,6,True,False,True,False,True,False,False,False,True,False,False,False,3,S
688,0,19.0,0,0,10.1708,1,True,False,True,False,True,False,False,False,True,False,False,False,3,S
689,0,18.0,0,0,7.7958,1,True,False,True,False,True,False,False,False,True,False,False,False,3,S
690,1,15.0,0,1,211.3375,2,False,False,True,False,False,True,False,False,False,False,False,False,1,S
691,1,31.0,1,0,57.0,2,True,False,True,False,False,False,False,False,True,False,False,False,1,S
692,1,4.0,0,1,13.4167,2,False,False,False,False,True,True,False,False,False,False,False,False,3,C
693,1,28.0,0,0,56.4958,1,True,False,True,False,True,False,False,False,True,False,False,False,3,S
694,0,25.0,0,0,7.225,1,True,False,False,False,True,False,False,False,True,False,False,False,3,C
695,0,60.0,0,0,26.55,1,True,False,True,False,False,False,False,False,False,False,False,True,1,S
696,0,52.0,0,0,13.5,1,True,False,True,True,False,False,False,False,True,False,False,False,2,S
697,0,44.0,0,0,8.05,1,True,False,True,False,True,False,False,False,True,False,False,False,3,S
698,1,28.0,0,0,7.7333,1,False,True,False,False,True,True,False,False,False,False,False,False,3,Q
699,0,49.0,1,1,110.8833,3,True,False,False,False,False,False,False,False,True,False,False,False,1,C
700,0,42.0,0,0,7.65,1,True,False,True,False,True,False,False,False,True,False,False,False,3,S
701,1,18.0,1,0,227.525,2,False,False,False,False,False,False,False,False,False,True,False,False,1,C
702,1,35.0,0,0,26.2875,1,True,False,True,False,False,False,False,False,True,False,False,False,1,S
703,0,18.0,0,1,14.4542,2,False,False,False,False,True,True,False,False,False,False,False,False,3,C
704,0,25.0,0,0,7.7417,1,True,True,False,False,True,False,False,False,True,False,False,False,3,Q
705,0,26.0,1,0,7.8542,2,True,False,True,False,True,False,False,False,True,False,False,False,3,S
706,0,39.0,0,0,26.0,1,True,False,True,True,False,False,False,False,True,False,False,False,2,S
707,1,45.0,0,0,13.5,1,False,False,True,True,False,False,False,False,False,True,False,False,2,S
708,1,42.0,0,0,26.2875,1,True,False,True,False,False,False,False,False,True,False,False,False,1,S
709,1,22.0,0,0,151.55,1,False,False,True,False,False,True,False,False,False,False,False,False,1,S
710,1,28.0,1,1,15.2458,3,True,False,False,False,True,False,False,False,False,False,False,False,3,C
711,1,24.0,0,0,49.5042,1,False,False,False,False,False,False,True,False,False,False,False,False,1,C
712,0,28.0,0,0,26.55,1,True,False,True,False,False,False,False,False,True,False,False,False,1,S
713,1,48.0,1,0,52.0,2,True,False,True,False,False,False,False,False,True,False,False,False,1,S
714,0,29.0,0,0,9.4833,1,True,False,True,False,True,False,False,False,True,False,False,False,3,S
715,0,52.0,0,0,13.0,1,True,False,True,True,False,False,False,False,True,False,False,False,2,S
716,0,19.0,0,0,7.65,1,True,False,True,False,True,False,False,False,True,False,False,False,3,S
717,1,38.0,0,0,227.525,1,False,False,False,False,False,True,False,False,False,False,False,False,1,C
718,1,27.0,0,0,10.5,1,False,False,True,True,False,True,False,False,False,False,False,False,2,S
719,0,28.0,0,0,15.5,1,True,True,False,False,True,False,False,False,True,False,False,False,3,Q
720,0,33.0,0,0,7.775,1,True,False,True,False,True,False,False,False,True,False,False,False,3,S
721,1,6.0,0,1,33.0,2,False,False,True,True,False,True,False,False,False,False,False,False,2,S
722,0,17.0,1,0,7.0542,2,True,False,True,False,True,False,False,False,True,False,False,False,3,S
723,0,34.0,0,0,13.0,1,True,False,True,True,False,False,False,False,True,False,False,False,2,S
724,0,50.0,0,0,13.0,1,True,False,True,True,False,False,False,False,True,False,False,False,2,S
725,1,27.0,1,0,53.1,2,True,False,True,False,False,False,False,False,True,False,False,False,1,S
726,0,20.0,0,0,8.6625,1,True,False,True,False,True,False,False,False,True,False,False,False,3,S
727,1,30.0,3,0,21.0,4,False,False,True,True,False,False,False,False,False,True,False,False,2,S
728,1,28.0,0,0,7.7375,1,False,True,False,False,True,True,False,False,False,False,False,False,3,Q
729,0,25.0,1,0,26.0,2,True,False,True,True,False,False,False,False,True,False,False,False,2,S
730,0,25.0,1,0,7.925,2,False,False,True,False,True,True,False,False,False,False,False,False,3,S
731,1,29.0,0,0,211.3375,1,False,False,True,False,False,True,False,False,False,False,False,False,1,S
732,0,11.0,0,0,18.7875,1,True,False,False,False,True,False,False,False,True,False,False,False,3,C
733,0,28.0,0,0,0.0,1,True,False,True,True,False,False,False,False,True,False,False,False,2,S
734,0,23.0,0,0,13.0,1,True,False,True,True,False,False,False,False,True,False,False,False,2,S
735,0,23.0,0,0,13.0,1,True,False,True,True,False,False,False,False,True,False,False,False,2,S
736,0,28.5,0,0,16.1,1,True,False,True,False,True,False,False,False,True,False,False,False,3,S
737,0,48.0,1,3,34.375,5,False,False,True,False,True,False,False,False,False,True,False,False,3,S
738,1,35.0,0,0,512.3292,1,True,False,False,False,False,False,False,False,True,False,False,False,1,C
739,0,28.0,0,0,7.8958,1,True,False,True,False,True,False,False,False,True,False,False,False,3,S
740,0,28.0,0,0,7.8958,1,True,False,True,False,True,False,False,False,True,False,False,False,3,S
741,1,28.0,0,0,30.0,1,True,False,True,False,False,False,False,False,True,False,False,False,1,S
742,0,36.0,1,0,78.85,2,True,False,True,False,False,False,False,False,True,False,False,False,1,S
743,1,21.0,2,2,262.375,5,False,False,False,False,False,True,False,False,False,False,False,False,1,C
744,0,24.0,1,0,16.1,2,True,False,True,False,True,False,False,False,True,False,False,False,3,S
745,1,31.0,0,0,7.925,1,True,False,True,False,True,False,False,False,True,False,False,False,3,S
746,0,70.0,1,1,71.0,3,True,False,True,False,False,False,False,False,False,False,False,True,1,S
747,0,16.0,1,1,20.25,3,True,False,True,False,True,False,False,False,True,False,False,False,3,S
748,1,30.0,0,0,13.0,1,False,False,True,True,False,True,False,False,False,False,False,False,2,S
749,0,19.0,1,0,53.1,2,True,False,True,False,False,False,False,False,True,False,False,False,1,S
750,0,31.0,0,0,7.75,1,True,True,False,False,True,False,False,False,True,False,False,False,3,Q
751,1,4.0,1,1,23.0,3,False,False,True,True,False,True,False,False,False,False,False,False,2,S
752,1,6.0,0,1,12.475,2,True,False,True,False,True,False,False,False,False,False,False,False,3,S
753,0,33.0,0,0,9.5,1,True,False,True,False,True,False,False,False,True,False,False,False,3,S
754,0,23.0,0,0,7.8958,1,True,False,True,False,True,False,False,False,True,False,False,False,3,S
755,1,48.0,1,2,65.0,4,False,False,True,True,False,False,False,False,False,True,False,False,2,S
756,1,0.67,1,1,14.5,3,True,False,True,True,False,False,False,False,False,False,False,False,2,S
757,0,28.0,0,0,7.7958,1,True,False,True,False,True,False,False,False,True,False,False,False,3,S
758,0,18.0,0,0,11.5,1,True,False,True,True,False,False,False,False,True,False,False,False,2,S
759,0,34.0,0,0,8.05,1,True,False,True,False,True,False,False,False,True,False,False,False,3,S
760,1,33.0,0,0,86.5,1,False,False,True,False,False,False,False,False,False,False,False,True,1,S
761,0,28.0,0,0,14.5,1,True,False,True,False,True,False,False,False,True,False,False,False,3,S
762,0,41.0,0,0,7.125,1,True,False,True,False,True,False,False,False,True,False,False,False,3,S
763,1,20.0,0,0,7.2292,1,True,False,False,False,True,False,False,False,True,False,False,False,3,C
764,1,36.0,1,2,120.0,4,False,False,True,False,False,False,False,False,False,True,False,False,1,S
765,0,16.0,0,0,7.775,1,True,False,True,False,True,False,False,False,True,False,False,False,3,S
766,1,51.0,1,0,77.9583,2,False,False,True,False,False,False,False,False,False,True,False,False,1,S
767,0,28.0,0,0,39.6,1,True,False,False,False,False,False,False,False,False,False,False,True,1,C
768,0,30.5,0,0,7.75,1,False,True,False,False,True,True,False,False,False,False,False,False,3,Q
769,0,28.0,1,0,24.15,2,True,True,False,False,True,False,False,False,True,False,False,False,3,Q
770,0,32.0,0,0,8.3625,1,True,False,True,False,True,False,False,False,True,False,False,False,3,S
771,0,24.0,0,0,9.5,1,True,False,True,False,True,False,False,False,True,False,False,False,3,S
772,0,48.0,0,0,7.8542,1,True,False,True,False,True,False,False,False,True,False,False,False,3,S
773,0,57.0,0,0,10.5,1,False,False,True,True,False,False,False,False,False,True,False,False,2,S
774,0,28.0,0,0,7.225,1,True,False,False,False,True,False,False,False,True,False,False,False,3,C
775,1,54.0,1,3,23.0,5,False,False,True,True,False,False,False,False,False,True,False,False,2,S
776,0,18.0,0,0,7.75,1,True,False,True,False,True,False,False,False,True,False,False,False,3,S
777,0,28.0,0,0,7.75,1,True,True,False,False,True,False,False,False,True,False,False,False,3,Q
778,1,5.0,0,0,12.475,1,False,False,True,False,True,True,False,False,False,False,False,False,3,S
779,0,28.0,0,0,7.7375,1,True,True,False,False,True,False,False,False,True,False,False,False,3,Q
780,1,43.0,0,1,211.3375,2,False,False,True,False,False,False,False,False,False,True,False,False,1,S
781,1,13.0,0,0,7.2292,1,False,False,False,False,True,True,False,False,False,False,False,False,3,C
782,1,17.0,1,0,57.0,2,False,False,True,False,False,False,False,False,False,True,False,False,1,S
783,0,29.0,0,0,30.0,1,True,False,True,False,False,False,False,False,True,False,False,False,1,S
784,0,28.0,1,2,23.45,4,True,False,True,False,True,False,False,False,True,False,False,False,3,S
785,0,25.0,0,0,7.05,1,True,False,True,False,True,False,False,False,True,False,False,False,3,S
786,0,25.0,0,0,7.25,1,True,False,True,False,True,False,False,False,True,False,False,False,3,S
787,1,18.0,0,0,7.4958,1,False,False,True,False,True,True,False,False,False,False,False,False,3,S
788,0,8.0,4,1,29.125,6,True,True,False,False,True,False,False,False,False,False,False,False,3,Q
789,1,1.0,1,2,20.575,4,True,False,True,False,True,False,False,False,False,False,False,False,3,S
790,0,46.0,0,0,79.2,1,True,False,False,False,False,False,False,False,True,False,False,False,1,C
791,0,28.0,0,0,7.75,1,True,True,False,False,True,False,False,False,True,False,False,False,3,Q
792,0,16.0,0,0,26.0,1,True,False,True,True,False,False,False,False,True,False,False,False,2,S
793,0,28.0,8,2,69.55,11,False,False,True,False,True,True,False,False,False,False,False,False,3,S
794,0,28.0,0,0,30.6958,1,True,False,False,False,False,False,False,False,True,False,False,False,1,C
795,0,25.0,0,0,7.8958,1,True,False,True,False,True,False,False,False,True,False,False,False,3,S
796,0,39.0,0,0,13.0,1,True,False,True,True,False,False,False,False,True,False,False,False,2,S
797,1,49.0,0,0,25.9292,1,False,False,True,False,False,False,False,False,False,False,False,True,1,S
798,1,31.0,0,0,8.6833,1,False,False,True,False,True,False,False,False,False,True,False,False,3,S
799,0,30.0,0,0,7.2292,1,True,False,False,False,True,False,False,False,True,False,False,False,3,C
800,0,30.0,1,1,24.15,3,False,False,True,False,True,False,False,False,False,True,False,False,3,S
801,0,34.0,0,0,13.0,1,True,False,True,True,False,False,False,False,True,False,False,False,2,S
802,1,31.0,1,1,26.25,3,False,False,True,True,False,False,False,False,False,True,False,False,2,S
803,1,11.0,1,2,120.0,4,True,False,True,False,False,False,False,False,False,False,False,False,1,S
804,1,0.42,0,1,8.5167,2,True,False,False,False,True,False,False,False,False,False,False,False,3,C
805,1,27.0,0,0,6.975,1,True,False,True,False,True,False,False,False,True,False,False,False,3,S
806,0,31.0,0,0,7.775,1,True,False,True,False,True,False,False,False,True,False,False,False,3,S
807,0,39.0,0,0,0.0,1,True,False,True,False,False,False,False,False,True,False,False,False,1,S
808,0,18.0,0,0,7.775,1,False,False,True,False,True,True,False,False,False,False,False,False,3,S
809,0,39.0,0,0,13.0,1,True,False,True,True,False,False,False,False,True,False,False,False,2,S
810,1,33.0,1,0,53.1,2,False,False,True,False,False,False,False,False,False,True,False,False,1,S
811,0,26.0,0,0,7.8875,1,True,False,True,False,True,False,False,False,True,False,False,False,3,S
812,0,39.0,0,0,24.15,1,True,False,True,False,True,False,False,False,True,False,False,False,3,S
813,0,35.0,0,0,10.5,1,True,False,True,True,False,False,False,False,True,False,False,False,2,S
814,0,6.0,4,2,31.275,7,False,False,True,False,True,True,False,False,False,False,False,False,3,S
815,0,30.5,0,0,8.05,1,True,False,True,False,True,False,False,False,True,False,False,False,3,S
816,0,28.0,0,0,0.0,1,True,False,True,False,False,False,False,False,True,False,False,False,1,S
817,0,23.0,0,0,7.925,1,False,False,True,False,True,True,False,False,False,False,False,False,3,S
818,0,31.0,1,1,37.0042,3,True,False,False,True,False,False,False,False,True,False,False,False,2,C
819,0,43.0,0,0,6.45,1,True,False,True,False,True,False,False,False,True,False,False,False,3,S
820,0,10.0,3,2,27.9,6,True,False,True,False,True,False,False,False,False,False,False,False,3,S
821,1,52.0,1,1,93.5,3,False,False,True,False,False,False,False,False,False,True,False,False,1,S
822,1,27.0,0,0,8.6625,1,True,False,True,False,True,False,False,False,True,False,False,False,3,S
823,0,38.0,0,0,0.0,1,True,False,True,False,False,False,False,False,False,False,False,True,1,S
824,1,27.0,0,1,12.475,2,False,False,True,False,True,False,False,False,False,True,False,False,3,S
825,0,2.0,4,1,39.6875,6,True,False,True,False,True,False,False,False,False,False,False,False,3,S
826,0,28.0,0,0,6.95,1,True,True,False,False,True,False,False,False,True,False,False,False,3,Q
827,0,28.0,0,0,56.4958,1,True,False,True,False,True,False,False,False,True,False,False,False,3,S
828,1,1.0,0,2,37.0042,3,True,False,False,True,False,False,False,False,False,False,False,False,2,C
829,1,28.0,0,0,7.75,1,True,True,False,False,True,False,False,False,True,False,False,False,3,Q
830,1,62.0,0,0,80.0,1,False,False,True,False,False,False,False,False,False,True,False,False,1,S
831,1,15.0,1,0,14.4542,2,False,False,False,False,True,False,False,False,False,True,False,False,3,C
832,1,0.83,1,1,18.75,3,True,False,True,True,False,False,False,False,False,False,False,False,2,S
833,0,28.0,0,0,7.2292,1,True,False,False,False,True,False,False,False,True,False,False,False,3,C
834,0,23.0,0,0,7.8542,1,True,False,True,False,True,False,False,False,True,False,False,False,3,S
835,0,18.0,0,0,8.3,1,True,False,True,False,True,False,False,False,True,False,False,False,3,S
836,1,39.0,1,1,83.1583,3,False,False,False,False,False,True,False,False,False,False,False,False,1,C
837,0,21.0,0,0,8.6625,1,True,False,True,False,True,False,False,False,True,False,False,False,3,S
838,0,28.0,0,0,8.05,1,True,False,True,False,True,False,False,False,True,False,False,False,3,S
839,1,32.0,0,0,56.4958,1,True,False,True,False,True,False,False,False,True,False,False,False,3,S
840,1,28.0,0,0,29.7,1,True,False,False,False,False,False,False,False,True,False,False,False,1,C
841,0,20.0,0,0,7.925,1,True,False,True,False,True,False,False,False,True,False,False,False,3,S
842,0,16.0,0,0,10.5,1,True,False,True,True,False,False,False,False,True,False,False,False,2,S
843,1,30.0,0,0,31.0,1,False,False,False,False,False,True,False,False,False,False,False,False,1,C
844,0,34.5,0,0,6.4375,1,True,False,False,False,True,False,False,False,True,False,False,False,3,C
845,0,17.0,0,0,8.6625,1,True,False,True,False,True,False,False,False,True,False,False,False,3,S
846,0,42.0,0,0,7.55,1,True,False,True,False,True,False,False,False,True,False,False,False,3,S
847,0,28.0,8,2,69.55,11,True,False,True,False,True,False,False,False,True,False,False,False,3,S
848,0,35.0,0,0,7.8958,1,True,False,False,False,True,False,False,False,True,False,False,False,3,C
849,0,28.0,0,1,33.0,2,True,False,True,True,False,False,False,False,False,False,False,True,2,S
850,1,28.0,1,0,89.1042,2,False,False,False,False,False,False,False,False,False,True,False,False,1,C
851,0,4.0,4,2,31.275,7,True,False,True,False,True,False,False,False,False,False,False,False,3,S
852,0,74.0,0,0,7.775,1,True,False,True,False,True,False,False,False,True,False,False,False,3,S
853,0,9.0,1,1,15.2458,3,False,False,False,False,True,True,False,False,False,False,False,False,3,C
854,1,16.0,0,1,39.4,2,False,False,True,False,False,True,False,False,False,False,False,False,1,S
855,0,44.0,1,0,26.0,2,False,False,True,True,False,False,False,False,False,True,False,False,2,S
856,1,18.0,0,1,9.35,2,False,False,True,False,True,False,False,False,False,True,False,False,3,S
857,1,45.0,1,1,164.8667,3,False,False,True,False,False,False,False,False,False,True,False,False,1,S
858,1,51.0,0,0,26.55,1,True,False,True,False,False,False,False,False,True,False,False,False,1,S
859,1,24.0,0,3,19.2583,4,False,False,False,False,True,False,False,False,False,True,False,False,3,C
860,0,28.0,0,0,7.2292,1,True,False,False,False,True,False,False,False,True,False,False,False,3,C
861,0,41.0,2,0,14.1083,3,True,False,True,False,True,False,False,False,True,False,False,False,3,S
862,0,21.0,1,0,11.5,2,True,False,True,True,False,False,False,False,True,False,False,False,2,S
863,1,48.0,0,0,25.9292,1,False,False,True,False,False,False,False,False,False,True,False,False,1,S
864,0,28.0,8,2,69.55,11,False,False,True,False,True,True,False,False,False,False,False,False,3,S
865,0,24.0,0,0,13.0,1,True,False,True,True,False,False,False,False,True,False,False,False,2,S
866,1,42.0,0,0,13.0,1,False,False,True,True,False,False,False,False,False,True,False,False,2,S
867,1,27.0,1,0,13.8583,2,False,False,False,True,False,True,False,False,False,False,False,False,2,C
868,0,31.0,0,0,50.4958,1,True,False,True,False,False,False,False,False,True,False,False,False,1,S
869,0,28.0,0,0,9.5,1,True,False,True,False,True,False,False,False,True,False,False,False,3,S
870,1,4.0,1,1,11.1333,3,True,False,True,False,True,False,False,False,False,False,False,False,3,S
871,0,26.0,0,0,7.8958,1,True,False,True,False,True,False,False,False,True,False,False,False,3,S
872,1,47.0,1,1,52.5542,3,False,False,True,False,False,False,False,False,False,True,False,False,1,S
873,0,33.0,0,0,5.0,1,True,False,True,False,False,False,False,False,True,False,False,False,1,S
874,0,47.0,0,0,9.0,1,True,False,True,False,True,False,False,False,True,False,False,False,3,S
875,1,28.0,1,0,24.0,2,False,False,False,True,False,False,False,False,False,True,False,False,2,C
876,1,15.0,0,0,7.225,1,False,False,False,False,True,True,False,False,False,False,False,False,3,C
877,0,20.0,0,0,9.8458,1,True,False,True,False,True,False,False,False,True,False,False,False,3,S
878,0,19.0,0,0,7.8958,1,True,False,True,False,True,False,False,False,True,False,False,False,3,S
879,0,28.0,0,0,7.8958,1,True,False,True,False,True,False,False,False,True,False,False,False,3,S
880,1,56.0,0,1,83.1583,2,False,False,False,False,False,False,False,False,False,True,False,False,1,C
881,1,25.0,0,1,26.0,2,False,False,True,True,False,False,False,False,False,True,False,False,2,S
882,0,33.0,0,0,7.8958,1,True,False,True,False,True,False,False,False,True,False,False,False,3,S
883,0,22.0,0,0,10.5167,1,False,False,True,False,True,True,False,False,False,False,False,False,3,S
884,0,28.0,0,0,10.5,1,True,False,True,True,False,False,False,False,True,False,False,False,2,S
885,0,25.0,0,0,7.05,1,True,False,True,False,True,False,False,False,True,False,False,False,3,S
886,0,39.0,0,5,29.125,6,False,True,False,False,True,False,False,False,False,True,False,False,3,Q
887,0,27.0,0,0,13.0,1,True,False,True,True,False,False,False,False,False,False,False,True,2,S
888,1,19.0,0,0,30.0,1,False,False,True,False,False,True,False,False,False,False,False,False,1,S
889,0,28.0,1,2,23.45,4,False,False,True,False,True,True,False,False,False,False,False,False,3,S
890,1,26.0,0,0,30.0,1,True,False,False,False,False,False,False,False,True,False,False,False,1,C
891,0,32.0,0,0,7.75,1,True,True,False,False,True,False,False,False,True,False,False,False,3,Q
