PassengerId,Survived,Age,SibSp,Parch,Fare,FamilySize,Sex_male,Embarked_Q,Embarked_S,Pclass_2,Pclass_3,Title_Miss,Title_Mlle,Title_Mme,Title_Mr,Title_Mrs,Title_Ms,Title_Rare
1,0,22.0,1,0,7.25,2,True,False,True,False,True,False,False,False,True,False,False,False
2,1,38.0,1,0,71.2833,2,False,False,False,False,False,False,False,False,False,True,False,False
3,1,26.0,0,0,7.925,1,False,False,True,False,True,True,False,False,False,False,False,False
4,1,35.0,1,0,53.1,2,False,False,True,False,False,False,False,False,False,True,False,False
5,0,35.0,0,0,8.05,1,True,False,True,False,True,False,False,False,True,False,False,False
6,0,28.0,0,0,8.4583,1,True,True,False,False,True,False,False,False,True,False,False,False
7,0,54.0,0,0,51.8625,1,True,False,True,False,False,False,False,False,True,False,False,False
8,0,2.0,3,1,21.075,5,True,False,True,False,True,False,False,False,False,False,False,False
9,1,27.0,0,2,11.1333,3,False,False,True,False,True,False,False,False,False,True,False,False
10,1,14.0,1,0,30.0708,2,False,False,False,True,False,False,False,False,False,True,False,False
11,1,4.0,1,1,16.7,3,False,False,True,False,True,True,False,False,False,False,False,False
12,1,58.0,0,0,26.55,1,False,False,True,False,False,True,False,False,False,False,False,False
13,0,20.0,0,0,8.05,1,True,False,True,False,True,False,False,False,True,False,False,False
14,0,39.0,1,5,31.275,7,True,False,True,False,True,False,False,False,True,False,False,False
15,0,14.0,0,0,7.8542,1,False,False,True,False,True,True,False,False,False,False,False,False
16,1,55.0,0,0,16.0,1,False,False,True,True,False,False,False,False,False,True,False,False
17,0,2.0,4,1,29.125,6,True,True,False,False,True,False,False,False,False,False,False,False
18,1,28.0,0,0,13.0,1,True,False,True,True,False,False,False,False,True,False,False,False
19,0,31.0,1,0,18.0,2,False,False,True,False,True,False,False,False,False,True,False,False
20,1,28.0,0,0,7.225,1,False,False,False,False,True,False,False,False,False,True,False,False
21,0,35.0,0,0,26.0,1,True,False,True,True,False,False,False,False,True,False,False,False
22,1,34.0,0,0,13.0,1,True,False,True,True,False,False,False,False,True,False,False,False
23,1,15.0,0,0,8.0292,1,False,True,False,False,True,True,False,False,False,False,False,False
24,1,28.0,0,0,35.5,1,True,False,True,False,False,False,False,False,True,False,False,False
25,0,8.0,3,1,21.075,5,False,False,True,False,True,True,False,False,False,False,False,False
26,1,38.0,1,5,31.3875,7,False,False,True,False,True,False,False,False,False,True,False,False
27,0,28.0,0,0,7.225,1,True,False,False,False,True,False,False,False,True,False,False,False
28,0,19.0,3,2,263.0,6,True,False,True,False,False,False,False,False,True,False,False,False
29,1,28.0,0,0,7.8792,1,False,True,False,False,True,True,False,False,False,False,False,False
30,0,28.0,0,0,7.8958,1,True,False,True,False,True,False,False,False,True,False,False,False
31,0,40.0,0,0,27.7208,1,True,False,False,False,False,False,False,False,False,False,False,True
32,1,28.0,1,0,146.5208,2,False,False,False,False,False,False,False,False,False,True,False,False
33,1,28.0,0,0,7.75,1,False,True,False,False,True,True,False,False,False,False,False,False
34,0,66.0,0,0,10.5,1,True,False,True,True,False,False,False,False,True,False,False,False
35,0,28.0,1,0,82.1708,2,True,False,False,False,False,False,False,False,True,False,False,False
36,0,42.0,1,0,52.0,2,True,False,True,False,False,False,False,False,True,False,False,False
37,1,28.0,0,0,7.2292,1,True,False,False,False,True,False,False,False,True,False,False,False
38,0,21.0,0,0,8.05,1,True,False,True,False,True,False,False,False,True,False,False,False
39,0,18.0,2,0,18.0,3,False,False,True,False,True,True,False,False,False,False,False,False
40,1,14.0,1,0,11.2417,2,False,False,False,False,True,True,False,False,False,False,False,False
41,0,40.0,1,0,9.475,2,False,False,True,False,True,False,False,False,False,True,False,False
42,0,27.0,1,0,21.0,2,False,False,True,True,False,False,False,False,False,True,False,False
43,0,28.0,0,0,7.8958,1,True,False,False,False,True,False,False,False,True,False,False,False
44,1,3.0,1,2,41.5792,4,False,False,False,True,False,True,False,False,False,False,False,False
45,1,19.0,0,0,7.8792,1,False,True,False,False,True,True,False,False,False,False,False,False
46,0,28.0,0,0,8.05,1,True,False,True,False,True,False,False,False,True,False,False,False
47,0,28.0,1,0,15.5,2,True,True,False,False,True,False,False,False,True,False,False,False
48,1,28.0,0,0,7.75,1,False,True,False,False,True,True,False,False,False,False,False,False
49,0,28.0,2,0,21.6792,3,True,False,False,False,True,False,False,False,True,False,False,False
50,0,18.0,1,0,17.8,2,False,False,True,False,True,False,False,False,False,True,False,False
51,0,7.0,4,1,39.6875,6,True,False,True,False,True,False,False,False,False,False,False,False
52,0,21.0,0,0,7.8,1,True,False,True,False,True,False,False,False,True,False,False,False
53,1,49.0,1,0,76.7292,2,False,False,False,False,False,False,False,False,False,True,False,False
54,1,29.0,1,0,26.0,2,False,False,True,True,False,False,False,False,False,True,False,False
55,0,65.0,0,1,61.9792,2,True,False,False,False,False,False,False,False,True,False,False,False
56,1,28.0,0,0,35.5,1,True,False,True,False,False,False,False,False,True,False,False,False
57,1,21.0,0,0,10.5,1,False,False,True,True,False,True,False,False,False,False,False,False
58,0,28.5,0,0,7.2292,1,True,False,False,False,True,False,False,False,True,False,False,False
59,1,5.0,1,2,27.75,4,False,False,True,True,False,True,False,False,False,False,False,False
60,0,11.0,5,2,46.9,8,True,False,True,False,True,False,False,False,False,False,False,False
61,0,22.0,0,0,7.2292,1,True,False,False,False,True,False,False,False,True,False,False,False
62,1,38.0,0,0,80.0,1,False,False,True,False,False,True,False,False,False,False,False,False
63,0,45.0,1,0,83.475,2,True,False,True,False,False,False,False,False,True,False,False,False
64,0,4.0,3,2,27.9,6,True,False,True,False,True,False,False,False,False,False,False,False
65,0,28.0,0,0,27.7208,1,True,False,False,False,False,False,False,False,True,False,False,False
66,1,28.0,1,1,15.2458,3,True,False,False,False,True,False,False,False,False,False,False,False
67,1,29.0,0,0,10.5,1,False,False,True,True,False,False,False,False,False,True,False,False
68,0,19.0,0,0,8.1583,1,True,False,True,False,True,False,False,False,True,False,False,False
69,1,17.0,4,2,7.925,7,False,False,True,False,True,True,False,False,False,False,False,False
70,0,26.0,2,0,8.6625,3,True,False,True,False,True,False,False,False,True,False,False,False
71,0,32.0,0,0,10.5,1,True,False,True,True,False,False,False,False,True,False,False,False
72,0,16.0,5,2,46.9,8,False,False,True,False,True,True,False,False,False,False,False,False
73,0,21.0,0,0,73.5,1,True,False,True,True,False,False,False,False,True,False,False,False
74,0,26.0,1,0,14.4542,2,True,False,False,False,True,False,False,False,True,False,False,False
75,1,32.0,0,0,56.4958,1,True,False,True,False,True,False,False,False,True,False,False,False
76,0,25.0,0,0,7.65,1,True,False,True,False,True,False,False,False,True,False,False,False
77,0,28.0,0,0,7.8958,1,True,False,True,False,True,False,False,False,True,False,False,False
78,0,28.0,0,0,8.05,1,True,False,True,False,True,False,False,False,True,False,False,False
79,1,0.83,0,2,29.0,3,True,False,True,True,False,False,False,False,False,False,False,False
80,1,30.0,0,0,12.475,1,False,False,True,False,True,True,False,False,False,False,False,False
81,0,22.0,0,0,9.0,1,True,False,True,False,True,False,False,False,True,False,False,False
82,1,29.0,0,0,9.5,1,True,False,True,False,True,False,False,False,True,False,False,False
83,1,28.0,0,0,7.7875,1,False,True,False,False,True,True,False,False,False,False,False,False
84,0,28.0,0,0,47.1,1,True,False,True,False,False,False,False,False,True,False,False,False
85,1,17.0,0,0,10.5,1,False,False,True,True,False,True,False,False,False,False,False,False
86,1,33.0,3,0,15.85,4,False,False,True,False,True,False,False,False,False,True,False,False
87,0,16.0,1,3,34.375,5,True,False,True,False,True,False,False,False,True,False,False,False
88,0,28.0,0,0,8.05,1,True,False,True,False,True,False,False,False,True,False,False,False
89,1,23.0,3,2,263.0,6,False,False,True,False,False,True,False,False,False,False,False,False
90,0,24.0,0,0,8.05,1,True,False,True,False,True,False,False,False,True,False,False,False
91,0,29.0,0,0,8.05,1,True,False,True,False,True,False,False,False,True,False,False,False
92,0,20.0,0,0,7.8542,1,True,False,True,False,True,False,False,False,True,False,False,False
93,0,46.0,1,0,61.175,2,True,False,True,False,False,False,False,False,True,False,False,False
94,0,26.0,1,2,20.575,4,True,False,True,False,True,False,False,False,True,False,False,False
95,0,59.0,0,0,7.25,1,True,False,True,False,True,False,False,False,True,False,False,False
96,0,28.0,0,0,8.05,1,True,False,True,False,True,False,False,False,True,False,False,False
97,0,71.0,0,0,34.6542,1,True,False,False,False,False,False,False,False,True,False,False,False
98,1,23.0,0,1,63.3583,2,True,False,False,False,False,False,False,False,True,False,False,False
99,1,34.0,0,1,23.0,2,False,False,True,True,False,False,False,False,False,True,False,False
100,0,34.0,1,0,26.0,2,True,False,True,True,False,False,False,False,True,False,False,False
101,0,28.0,0,0,7.8958,1,False,False,True,False,True,True,False,False,False,False,False,False
102,0,28.0,0,0,7.8958,1,True,False,True,False,True,False,False,False,True,False,False,False
103,0,21.0,0,1,77.2875,2,True,False,True,False,False,False,False,False,True,False,False,False
104,0,33.0,0,0,8.6542,1,True,False,True,False,True,False,False,False,True,False,False,False
105,0,37.0,2,0,7.925,3,True,False,True,False,True,False,False,False,True,False,False,False
106,0,28.0,0,0,7.8958,1,True,False,True,False,True,False,False,False,True,False,False,False
107,1,21.0,0,0,7.65,1,False,False,True,False,True,True,False,False,False,False,False,False
108,1,28.0,0,0,7.775,1,True,False,True,False,True,False,False,False,True,False,False,False
109,0,38.0,0,0,7.8958,1,True,False,True,False,True,False,False,False,True,False,False,False
110,1,28.0,1,0,24.15,2,False,True,False,False,True,True,False,False,False,False,False,False
111,0,47.0,0,0,52.0,1,True,False,True,False,False,False,False,False,True,False,False,False
112,0,14.5,1,0,14.4542,2,False,False,False,False,True,True,False,False,False,False,False,False
113,0,22.0,0,0,8.05,1,True,False,True,False,True,False,False,False,True,False,False,False
114,0,20.0,1,0,9.825,2,False,False,True,False,True,True,False,False,False,False,False,False
115,0,17.0,0,0,14.4583,1,False,False,False,False,True,True,False,False,False,False,False,False
116,0,21.0,0,0,7.925,1,True,False,True,False,True,False,False,False,True,False,False,False
117,0,70.5,0,0,7.75,1,True,True,False,False,True,False,False,False,True,False,False,False
118,0,29.0,1,0,21.0,2,True,False,True,True,False,False,False,False,True,False,False,False
119,0,24.0,0,1,247.5208,2,True,False,False,False,False,False,False,False,True,False,False,False
120,0,2.0,4,2,31.275,7,False,False,True,False,True,True,False,False,False,False,False,False
121,0,21.0,2,0,73.5,3,True,False,True,True,False,False,False,False,True,False,False,False
122,0,28.0,0,0,8.05,1,True,False,True,False,True,False,False,False,True,False,False,False
123,0,32.5,1,0,30.0708,2,True,False,False,True,False,False,False,False,True,False,False,False
124,1,32.5,0,0,13.0,1,False,False,True,True,False,True,False,False,False,False,False,False
125,0,54.0,0,1,77.2875,2,True,False,True,False,False,False,False,False,True,False,False,False
126,1,12.0,1,0,11.2417,2,True,False,False,False,True,False,False,False,False,False,False,False
127,0,28.0,0,0,7.75,1,True,True,False,False,True,False,False,False,True,False,False,False
128,1,24.0,0,0,7.1417,1,True,False,True,False,True,False,False,False,True,False,False,False
129,1,28.0,1,1,22.3583,3,False,False,False,False,True,True,False,False,False,False,False,False
130,0,45.0,0,0,6.975,1,True,False,True,False,True,False,False,False,True,False,False,False
131,0,33.0,0,0,7.8958,1,True,False,False,False,True,False,False,False,True,False,False,False
132,0,20.0,0,0,7.05,1,True,False,True,False,True,False,False,False,True,False,False,False
133,0,47.0,1,0,14.5,2,False,False,True,False,True,False,False,False,False,True,False,False
134,1,29.0,1,0,26.0,2,False,False,True,True,False,False,False,False,False,True,False,False
135,0,25.0,0,0,13.0,1,True,False,True,True,False,False,False,False,True,False,False,False
136,0,23.0,0,0,15.0458,1,True,False,False,True,False,False,False,False,True,False,False,False
137,1,19.0,0,2,26.2833,3,False,False,True,False,False,True,False,False,False,False,False,False
138,0,37.0,1,0,53.1,2,True,False,True,False,False,False,False,False,True,False,False,False
139,0,16.0,0,0,9.2167,1,True,False,True,False,True,False,False,False,True,False,False,False
140,0,24.0,0,0,79.2,1,True,False,False,False,False,False,False,False,True,False,False,False
141,0,28.0,0,2,15.2458,3,False,False,False,False,True,False,False,False,False,True,False,False
142,1,22.0,0,0,7.75,1,False,False,True,False,True,True,False,False,False,False,False,False
143,1,24.0,1,0,15.85,2,False,False,True,False,True,False,False,False,False,True,False,False
144,0,19.0,0,0,6.75,1,True,True,False,False,True,False,False,False,True,False,False,False
145,0,18.0,0,0,11.5,1,True,False,True,True,False,False,False,False,True,False,False,False
146,0,19.0,1,1,36.75,3,True,False,True,True,False,False,False,False,True,False,False,False
147,1,27.0,0,0,7.7958,1,True,False,True,False,True,False,False,False,True,False,False,False
148,0,9.0,2,2,34.375,5,False,False,True,False,True,True,False,False,False,False,False,False
149,0,36.5,0,2,26.0,3,True,False,True,True,False,False,False,False,True,False,False,False
150,0,42.0,0,0,13.0,1,True,False,True,True,False,False,False,False,False,False,False,True
151,0,51.0,0,0,12.525,1,True,False,True,True,False,False,False,False,False,False,False,True
152,1,22.0,1,0,66.6,2,False,False,True,False,False,False,False,False,False,True,False,False
153,0,55.5,0,0,8.05,1,True,False,True,False,True,False,False,False,True,False,False,False
154,0,40.5,0,2,14.5,3,True,False,True,False,True,False,False,False,True,False,False,False
155,0,28.0,0,0,7.3125,1,True,False,True,False,True,False,False,False,True,False,False,False
156,0,51.0,0,1,61.3792,2,True,False,False,False,False,False,False,False,True,False,False,False
157,1,16.0,0,0,7.7333,1,False,True,False,False,True,True,False,False,False,False,False,False
158,0,30.0,0,0,8.05,1,True,False,True,False,True,False,False,False,True,False,False,False
159,0,28.0,0,0,8.6625,1,True,False,True,False,True,False,False,False,True,False,False,False
160,0,28.0,8,2,69.55,11,True,False,True,False,True,False,False,False,False,False,False,False
161,0,44.0,0,1,16.1,2,True,False,True,False,True,False,False,False,True,False,False,False
162,1,40.0,0,0,15.75,1,False,False,True,True,False,False,False,False,False,True,False,False
163,0,26.0,0,0,7.775,1,True,False,True,False,True,False,False,False,True,False,False,False
164,0,17.0,0,0,8.6625,1,True,False,True,False,True,False,False,False,True,False,False,False
165,0,1.0,4,1,39.6875,6,True,False,True,False,True,False,False,False,False,False,False,False
166,1,9.0,0,2,20.525,3,True,False,True,False,True,False,False,False,False,False,False,False
167,1,28.0,0,1,55.0,2,False,False,True,False,False,False,False,False,False,True,False,False
168,0,45.0,1,4,27.9,6,False,False,True,False,True,False,False,False,False,True,False,False
169,0,28.0,0,0,25.925,1,True,False,True,False,False,False,False,False,True,False,False,False
170,0,28.0,0,0,56.4958,1,True,False,True,False,True,False,False,False,True,False,False,False
171,0,61.0,0,0,33.5,1,True,False,True,False,False,False,False,False,True,False,False,False
172,0,4.0,4,1,29.125,6,True,True,False,False,True,False,False,False,False,False,False,False
173,1,1.0,1,1,11.1333,3,False,False,True,False,True,True,False,False,False,False,False,False
174,0,21.0,0,0,7.925,1,True,False,True,False,True,False,False,False,True,False,False,False
175,0,56.0,0,0,30.6958,1,True,False,False,False,False,False,False,False,True,False,False,False
176,0,18.0,1,1,7.8542,3,True,False,True,False,True,False,False,False,True,False,False,False
177,0,28.0,3,1,25.4667,5,True,False,True,False,True,False,False,False,False,False,False,False
178,0,50.0,0,0,28.7125,1,False,False,False,False,False,True,False,False,False,False,False,False
179,0,30.0,0,0,13.0,1,True,False,True,True,False,False,False,False,True,False,False,False
180,0,36.0,0,0,0.0,1,True,False,True,False,True,False,False,False,True,False,False,False
181,0,28.0,8,2,69.55,11,False,False,True,False,True,True,False,False,False,False,False,False
182,0,28.0,0,0,15.05,1,True,False,False,True,False,False,False,False,True,False,False,False
183,0,9.0,4,2,31.3875,7,True,False,True,False,True,False,False,False,False,False,False,False
184,1,1.0,2,1,39.0,4,True,False,True,True,False,False,False,False,False,False,False,False
185,1,4.0,0,2,22.025,3,False,False,True,False,True,True,False,False,False,False,False,False
186,0,28.0,0,0,50.0,1,True,False,True,False,False,False,False,False,True,False,False,False
187,1,28.0,1,0,15.5,2,False,True,False,False,True,False,False,False,False,True,False,False
188,1,45.0,0,0,26.55,1,True,False,True,False,False,False,False,False,True,False,False,False
189,0,40.0,1,1,15.5,3,True,True,False,False,True,False,False,False,True,False,False,False
190,0,36.0,0,0,7.8958,1,True,False,True,False,True,False,False,False,True,False,False,False
191,1,32.0,0,0,13.0,1,False,False,True,True,False,False,False,False,False,True,False,False
192,0,19.0,0,0,13.0,1,True,False,True,True,False,False,False,False,True,False,False,False
193,1,19.0,1,0,7.8542,2,False,False,True,False,True,True,False,False,False,False,False,False
194,1,3.0,1,1,26.0,3,True,False,True,True,False,False,False,False,False,False,False,False
195,1,44.0,0,0,27.7208,1,False,False,False,False,False,False,False,False,False,True,False,False
196,1,58.0,0,0,146.5208,1,False,False,False,False,False,True,False,False,False,False,False,False
197,0,28.0,0,0,7.75,1,True,True,False,False,True,False,False,False,True,False,False,False
198,0,42.0,0,1,8.4042,2,True,False,True,False,True,False,False,False,True,False,False,False
199,1,28.0,0,0,7.75,1,False,True,False,False,True,True,False,False,False,False,False,False
200,0,24.0,0,0,13.0,1,False,False,True,True,False,True,False,False,False,False,False,False
201,0,28.0,0,0,9.5,1,True,False,True,False,True,False,False,False,True,False,False,False
202,0,28.0,8,2,69.55,11,True,False,True,False,True,False,False,False,True,False,False,False
203,0,34.0,0,0,6.4958,1,True,False,True,False,True,False,False,False,True,False,False,False
204,0,45.5,0,0,7.225,1,True,False,False,False,True,False,False,False,True,False,False,False
205,1,18.0,0,0,8.05,1,True,False,True,False,True,False,False,False,True,False,False,False
206,0,2.0,0,1,10.4625,2,False,False,True,False,True,True,False,False,False,False,False,False
207,0,32.0,1,0,15.85,2,True,False,True,False,True,False,False,False,True,False,False,False
208,1,26.0,0,0,18.7875,1,True,False,False,False,True,False,False,False,True,False,False,False
209,1,16.0,0,0,7.75,1,False,True,False,False,True,True,False,False,False,False,False,False
210,1,40.0,0,0,31.0,1,True,False,False,False,False,False,False,False,True,False,False,False
211,0,24.0,0,0,7.05,1,True,False,True,False,True,False,False,False,True,False,False,False
212,1,35.0,0,0,21.0,1,False,False,True,True,False,True,False,False,False,False,False,False
213,0,22.0,0,0,7.25,1,True,False,True,False,True,False,False,False,True,False,False,False
214,0,30.0,0,0,13.0,1,True,False,True,True,False,False,False,False,True,False,False,False
215,0,28.0,1,0,7.75,2,True,True,False,False,True,False,False,False,True,False,False,False
216,1,31.0,1,0,113.275,2,False,False,False,False,False,True,False,False,False,False,False,False
217,1,27.0,0,0,7.925,1,False,False,True,False,True,True,False,False,False,False,False,False
218,0,42.0,1,0,27.0,2,True,False,True,True,False,False,False,False,True,False,False,False
219,1,32.0,0,0,76.2917,1,False,False,False,False,False,True,False,False,False,False,False,False
220,0,30.0,0,0,10.5,1,True,False,True,True,False,False,False,False,True,False,False,False
221,1,16.0,0,0,8.05,1,True,False,True,False,True,False,False,False,True,False,False,False
222,0,27.0,0,0,13.0,1,True,False,True,True,False,False,False,False,True,False,False,False
223,0,51.0,0,0,8.05,1,True,False,True,False,True,False,False,False,True,False,False,False
224,0,28.0,0,0,7.8958,1,True,False,True,False,True,False,False,False,True,False,False,False
225,1,38.0,1,0,90.0,2,True,False,True,False,False,False,False,False,True,False,False,False
226,0,22.0,0,0,9.35,1,True,False,True,False,True,False,False,False,True,False,False,False
227,1,19.0,0,0,10.5,1,True,False,True,True,False,False,False,False,True,False,False,False
228,0,20.5,0,0,7.25,1,True,False,True,False,True,False,False,False,True,False,False,False
229,0,18.0,0,0,13.0,1,True,False,True,True,False,False,False,False,True,False,False,False
230,0,28.0,3,1,25.4667,5,False,False,True,False,True,True,False,False,False,False,False,False
231,1,35.0,1,0,83.475,2,False,False,True,False,False,False,False,False,False,True,False,False
232,0,29.0,0,0,7.775,1,True,False,True,False,True,False,False,False,True,False,False,False
233,0,59.0,0,0,13.5,1,True,False,True,True,False,False,False,False,True,False,False,False
234,1,5.0,4,2,31.3875,7,False,False,True,False,True,True,False,False,False,False,False,False
235,0,24.0,0,0,10.5,1,True,False,True,True,False,False,False,False,True,False,False,False
236,0,28.0,0,0,7.55,1,False,False,True,False,True,True,False,False,False,False,False,False
237,0,44.0,1,0,26.0,2,True,False,True,True,False,False,False,False,True,False,False,False
238,1,8.0,0,2,26.25,3,False,False,True,True,False,True,False,False,False,False,False,False
239,0,19.0,0,0,10.5,1,True,False,True,True,False,False,False,False,True,False,False,False
240,0,33.0,0,0,12.275,1,True,False,True,True,False,False,False,False,True,False,False,False
241,0,28.0,1,0,14.4542,2,False,False,False,False,True,True,False,False,False,False,False,False
242,1,28.0,1,0,15.5,2,False,True,False,False,True,True,False,False,False,False,False,False
243,0,29.0,0,0,10.5,1,True,False,True,True,False,False,False,False,True,False,False,False
244,0,22.0,0,0,7.125,1,True,False,True,False,True,False,False,False,True,False,False,False
245,0,30.0,0,0,7.225,1,True,False,False,False,True,False,False,False,True,False,False,False
246,0,44.0,2,0,90.0,3,True,True,False,False,False,False,False,False,False,False,False,True
247,0,25.0,0,0,7.775,1,False,False,True,False,True,True,False,False,False,False,False,False
248,1,24.0,0,2,14.5,3,False,False,True,True,False,False,False,False,False,True,False,False
249,1,37.0,1,1,52.5542,3,True,False,True,False,False,False,False,False,True,False,False,False
250,0,54.0,1,0,26.0,2,True,False,True,True,False,False,False,False,False,False,False,True
251,0,28.0,0,0,7.25,1,True,False,True,False,True,False,False,False,True,False,False,False
252,0,29.0,1,1,10.4625,3,False,False,True,False,True,False,False,False,False,True,False,False
253,0,62.0,0,0,26.55,1,True,False,True,False,False,False,False,False,True,False,False,False
254,0,30.0,1,0,16.1,2,True,False,True,False,True,False,False,False,True,False,False,False
255,0,41.0,0,2,20.2125,3,False,False,True,False,True,False,False,False,False,True,False,False
256,1,29.0,0,2,15.2458,3,False,False,False,False,True,False,False,False,False,True,False,False
257,1,28.0,0,0,79.2,1,False,False,False,False,False,False,False,False,False,True,False,False
258,1,30.0,0,0,86.5,1,False,False,True,False,False,True,False,False,False,False,False,False
259,1,35.0,0,0,512.3292,1,False,False,False,False,False,True,False,False,False,False,False,False
260,1,50.0,0,1,26.0,2,False,False,True,True,False,False,False,False,False,True,False,False
261,0,28.0,0,0,7.75,1,True,True,False,False,True,False,False,False,True,False,False,False
262,1,3.0,4,2,31.3875,7,True,False,True,False,True,False,False,False,False,False,False,False
263,0,52.0,1,1,79.65,3,True,False,True,False,False,False,False,False,True,False,False,False
264,0,40.0,0,0,0.0,1,True,False,True,False,False,False,False,False,True,False,False,False
265,0,28.0,0,0,7.75,1,False,True,False,False,True,True,False,False,False,False,False,False
266,0,36.0,0,0,10.5,1,True,False,True,True,False,False,False,False,True,False,False,False
267,0,16.0,4,1,39.6875,6,True,False,True,False,True,False,False,False,True,False,False,False
268,1,25.0,1,0,7.775,2,True,False,True,False,True,False,False,False,True,False,False,False
269,1,58.0,0,1,153.4625,2,False,False,True,False,False,False,False,False,False,True,False,False
270,1,35.0,0,0,135.6333,1,False,False,True,False,False,True,False,False,False,False,False,False
271,0,28.0,0,0,31.0,1,True,False,True,False,False,False,False,False,True,False,False,False
272,1,25.0,0,0,0.0,1,True,False,True,False,True,False,False,False,True,False,False,False
273,1,41.0,0,1,19.5,2,False,False,True,True,False,False,False,False,False,True,False,False
274,0,37.0,0,1,29.7,2,True,False,False,False,False,False,False,False,True,False,False,False
275,1,28.0,0,0,7.75,1,False,True,False,False,True,True,False,False,False,False,False,False
276,1,63.0,1,0,77.9583,2,False,False,True,False,False,True,False,False,False,False,False,False
277,0,45.0,0,0,7.75,1,False,False,True,False,True,True,False,False,False,False,False,False
278,0,28.0,0,0,0.0,1,True,False,True,True,False,False,False,False,True,False,False,False
279,0,7.0,4,1,29.125,6,True,True,False,False,True,False,False,False,False,False,False,False
280,1,35.0,1,1,20.25,3,False,False,True,False,True,False,False,False,False,True,False,False
281,0,65.0,0,0,7.75,1,True,True,False,False,True,False,False,False,True,False,False,False
282,0,28.0,0,0,7.8542,1,True,False,True,False,True,False,False,False,True,False,False,False
283,0,16.0,0,0,9.5,1,True,False,True,False,True,False,False,False,True,False,False,False
284,1,19.0,0,0,8.05,1,True,False,True,False,True,False,False,False,True,False,False,False
285,0,28.0,0,0,26.0,1,True,False,True,False,False,False,False,False,True,False,False,False
286,0,33.0,0,0,8.6625,1,True,False,False,False,True,False,False,False,True,False,False,False
287,1,30.0,0,0,9.5,1,True,False,True,False,True,False,False,False,True,False,False,False
288,0,22.0,0,0,7.8958,1,True,False,True,False,True,False,False,False,True,False,False,False
289,1,42.0,0,0,13.0,1,True,False,True,True,False,False,False,False,True,False,False,False
290,1,22.0,0,0,7.75,1,False,True,False,False,True,True,False,False,False,False,False,False
291,1,26.0,0,0,78.85,1,False,False,True,False,False,True,False,False,False,False,False,False
292,1,19.0,1,0,91.0792,2,False,False,False,False,False,False,False,False,False,True,False,False
293,0,36.0,0,0,12.875,1,True,False,False,True,False,False,False,False,True,False,False,False
294,0,24.0,0,0,8.85,1,False,False,True,False,True,True,False,False,False,False,False,False
295,0,24.0,0,0,7.8958,1,True,False,True,False,True,False,False,False,True,False,False,False
296,0,28.0,0,0,27.7208,1,True,False,False,False,False,False,False,False,True,False,False,False
297,0,23.5,0,0,7.2292,1,True,False,False,False,True,False,False,False,True,False,False,False
298,0,2.0,1,2,151.55,4,False,False,True,False,False,True,False,False,False,False,False,False
299,1,28.0,0,0,30.5,1,True,False,True,False,False,False,False,False,True,False,False,False
300,1,50.0,0,1,247.5208,2,False,False,False,False,False,False,False,False,False,True,False,False
301,1,28.0,0,0,7.75,1,False,True,False,False,True,True,False,False,False,False,False,False
302,1,28.0,2,0,23.25,3,True,True,False,False,True,False,False,False,True,False,False,False
303,0,19.0,0,0,0.0,1,True,False,True,False,True,False,False,False,True,False,False,False
304,1,28.0,0,0,12.35,1,False,True,False,True,False,True,False,False,False,False,False,False
305,0,28.0,0,0,8.05,1,True,False,True,False,True,False,False,False,True,False,False,False
306,1,0.92,1,2,151.55,4,True,False,True,False,False,False,False,False,False,False,False,False
307,1,28.0,0,0,110.8833,1,False,False,False,False,False,True,False,False,False,False,False,False
308,1,17.0,1,0,108.9,2,False,False,False,False,False,False,False,False,False,True,False,False
309,0,30.0,1,0,24.0,2,True,False,False,True,False,False,False,False,True,False,False,False
310,1,30.0,0,0,56.9292,1,False,False,False,False,False,True,False,False,False,False,False,False
311,1,24.0,0,0,83.1583,1,False,False,False,False,False,True,False,False,False,False,False,False
312,1,18.0,2,2,262.375,5,False,False,False,False,False,True,False,False,False,False,False,False
313,0,26.0,1,1,26.0,3,False,False,True,True,False,False,False,False,False,True,False,False
314,0,28.0,0,0,7.8958,1,True,False,True,False,True,False,False,False,True,False,False,False
315,0,43.0,1,1,26.25,3,True,False,True,True,False,False,False,False,True,False,False,False
316,1,26.0,0,0,7.8542,1,False,False,True,False,True,True,False,False,False,False,False,False
317,1,24.0,1,0,26.0,2,False,False,True,True,False,False,False,False,False,True,False,False
318,0,54.0,0,0,14.0,1,True,False,True,True,False,False,False,False,False,False,False,True
319,1,31.0,0,2,164.8667,3,False,False,True,False,False,True,False,False,False,False,False,False
320,1,40.0,1,1,134.5,3,False,False,False,False,False,False,False,False,False,True,False,False
321,0,22.0,0,0,7.25,1,True,False,True,False,True,False,False,False,True,False,False,False
322,0,27.0,0,0,7.8958,1,True,False,True,False,True,False,False,False,True,False,False,False
323,1,30.0,0,0,12.35,1,False,True,False,True,False,True,False,False,False,False,False,False
324,1,22.0,1,1,29.0,3,False,False,True,True,False,False,False,False,False,True,False,False
325,0,28.0,8,2,69.55,11,True,False,True,False,True,False,False,False,True,False,False,False
326,1,36.0,0,0,135.6333,1,False,False,False,False,False,True,False,False,False,False,False,False
327,0,61.0,0,0,6.2375,1,True,False,True,False,True,False,False,False,True,False,False,False
328,1,36.0,0,0,13.0,1,False,False,True,True,False,False,False,False,False,True,False,False
329,1,31.0,1,1,20.525,3,False,False,True,False,True,False,False,False,False,True,False,False
330,1,16.0,0,1,57.9792,2,False,False,False,False,False,True,False,False,False,False,False,False
331,1,28.0,2,0,23.25,3,False,True,False,False,True,True,False,False,False,False,False,False
332,0,45.5,0,0,28.5,1,True,False,True,False,False,False,False,False,True,False,False,False
333,0,38.0,0,1,153.4625,2,True,False,True,False,False,False,False,False,True,False,False,False
334,0,16.0,2,0,18.0,3,True,False,True,False,True,False,False,False,True,False,False,False
335,1,28.0,1,0,133.65,2,False,False,True,False,False,False,False,False,False,True,False,False
336,0,28.0,0,0,7.8958,1,True,False,True,False,True,False,False,False,True,False,False,False
337,0,29.0,1,0,66.6,2,True,False,True,False,False,False,False,False,True,False,False,False
338,1,41.0,0,0,134.5,1,False,False,False,False,False,True,False,False,False,False,False,False
339,1,45.0,0,0,8.05,1,True,False,True,False,True,False,False,False,True,False,False,False
340,0,45.0,0,0,35.5,1,True,False,True,False,False,False,False,False,True,False,False,False
341,1,2.0,1,1,26.0,3,True,False,True,True,False,False,False,False,False,False,False,False
342,1,24.0,3,2,263.0,6,False,False,True,False,False,True,False,False,False,False,False,False
343,0,28.0,0,0,13.0,1,True,False,True,True,False,False,False,False,True,False,False,False
344,0,25.0,0,0,13.0,1,True,False,True,True,False,False,False,False,True,False,False,False
345,0,36.0,0,0,13.0,1,True,False,True,True,False,False,False,False,True,False,False,False
346,1,24.0,0,0,13.0,1,False,False,True,True,False,True,False,False,False,False,False,False
347,1,40.0,0,0,13.0,1,False,False,True,True,False,True,False,False,False,False,False,False
348,1,28.0,1,0,16.1,2,False,False,True,False,True,False,False,False,False,True,False,False
349,1,3.0,1,1,15.9,3,True,False,True,False,True,False,False,False,False,False,False,False
350,0,42.0,0,0,8.6625,1,True,False,True,False,True,False,False,False,True,False,False,False
351,0,23.0,0,0,9.225,1,True,False,True,False,True,False,False,False,True,False,False,False
352,0,28.0,0,0,35.0,1,True,False,True,False,False,False,False,False,True,False,False,False
353,0,15.0,1,1,7.2292,3,True,False,False,False,True,False,False,False,True,False,False,False
354,0,25.0,1,0,17.8,2,True,False,True,False,True,False,False,False,True,False,False,False
355,0,28.0,0,0,7.225,1,True,False,False,False,True,False,False,False,True,False,False,False
356,0,28.0,0,0,9.5,1,True,False,True,False,True,False,False,False,True,False,False,False
357,1,22.0,0,1,55.0,2,False,False,True,False,False,True,False,False,False,False,False,False
358,0,38.0,0,0,13.0,1,False,False,True,True,False,True,False,False,False,False,False,False
359,1,28.0,0,0,7.8792,1,False,True,False,False,True,True,False,False,False,False,False,False
360,1,28.0,0,0,7.8792,1,False,True,False,False,True,True,False,False,False,False,False,False
361,0,40.0,1,4,27.9,6,True,False,True,False,True,False,False,False,True,False,False,False
362,0,29.0,1,0,27.7208,2,True,False,False,True,False,False,False,False,True,False,False,False
363,0,45.0,0,1,14.4542,2,False,False,False,False,True,False,False,False,False,True,False,False
364,0,35.0,0,0,7.05,1,True,False,True,False,True,False,False,False,True,False,False,False
365,0,28.0,1,0,15.5,2,True,True,False,False,True,False,False,False,True,False,False,False
366,0,30.0,0,0,7.25,1,True,False,True,False,True,False,False,False,True,False,False,False
367,1,60.0,1,0,75.25,2,False,False,False,False,False,False,False,False,False,True,False,False
368,1,28.0,0,0,7.2292,1,False,False,False,False,True,False,False,False,False,True,False,False
369,1,28.0,0,0,7.75,1,False,True,False,False,True,True,False,False,False,False,False,False
370,1,24.0,0,0,69.3,1,False,False,False,False,False,False,False,True,False,False,False,False
371,1,25.0,1,0,55.4417,2,True,False,False,False,False,False,False,False,True,False,False,False
372,0,18.0,1,0,6.4958,2,True,False,True,False,True,False,False,False,True,False,False,False
373,0,19.0,0,0,8.05,1,True,False,True,False,True,False,False,False,True,False,False,False
374,0,22.0,0,0,135.6333,1,True,False,False,False,False,False,False,False,True,False,False,False
375,0,3.0,3,1,21.075,5,False,False,True,False,True,True,False,False,False,False,False,False
376,1,28.0,1,0,82.1708,2,False,False,False,False,False,False,False,False,False,True,False,False
377,1,22.0,0,0,7.25,1,False,False,True,False,True,True,False,False,False,False,False,False
378,0,27.0,0,2,211.5,3,True,False,False,False,False,False,False,False,True,False,False,False
379,0,20.0,0,0,4.0125,1,True,False,False,False,True,False,False,False,True,False,False,False
380,0,19.0,0,0,7.775,1,True,False,True,False,True,False,False,False,True,False,False,False
381,1,42.0,0,0,227.525,1,False,False,False,False,False,True,False,False,False,False,False,False
382,1,1.0,0,2,15.7417,3,False,False,False,False,True,True,False,False,False,False,False,False
383,0,32.0,0,0,7.925,1,True,False,True,False,True,False,False,False,True,False,False,False
384,1,35.0,1,0,52.0,2,False,False,True,False,False,False,False,False,False,True,False,False
385,0,28.0,0,0,7.8958,1,True,False,True,False,True,False,False,False,True,False,False,False
386,0,18.0,0,0,73.5,1,True,False,True,True,False,False,False,False,True,False,False,False
387,0,1.0,5,2,46.9,8,True,False,True,False,True,False,False,False,False,False,False,False
388,1,36.0,0,0,13.0,1,False,False,True,True,False,True,False,False,False,False,False,False
389,0,28.0,0,0,7.7292,1,True,True,False,False,True,False,False,False,True,False,False,False
390,1,17.0,0,0,12.0,1,False,False,False,True,False,True,False,False,False,False,False,False
391,1,36.0,1,2,120.0,4,True,False,True,False,False,False,False,False,True,False,False,False
392,1,21.0,0,0,7.7958,1,True,False,True,False,True,False,False,False,True,False,False,False
393,0,28.0,2,0,7.925,3,True,False,True,False,True,False,False,False,True,False,False,False
394,1,23.0,1,0,113.275,2,False,False,False,False,False,True,False,False,False,False,False,False
395,1,24.0,0,2,16.7,3,False,False,True,False,True,False,False,False,False,True,False,False
396,0,22.0,0,0,7.7958,1,True,False,True,False,True,False,False,False,True,False,False,False
397,0,31.0,0,0,7.8542,1,False,False,True,False,True,True,False,False,False,False,False,False
398,0,46.0,0,0,26.0,1,True,False,True,True,False,False,False,False,True,False,False,False
399,0,23.0,0,0,10.5,1,True,False,True,True,False,False,False,False,False,False,False,True
400,1,28.0,0,0,12.65,1,False,False,True,True,False,False,False,False,False,True,False,False
401,1,39.0,0,0,7.925,1,True,False,True,False,True,False,False,False,True,False,False,False
402,0,26.0,0,0,8.05,1,True,False,True,False,True,False,False,False,True,False,False,False
403,0,21.0,1,0,9.825,2,False,False,True,False,True,True,False,False,False,False,False,False
404,0,28.0,1,0,15.85,2,True,False,True,False,True,False,False,False,True,False,False,False
405,0,20.0,0,0,8.6625,1,False,False,True,False,True,True,False,False,False,False,False,False
406,0,34.0,1,0,21.0,2,True,False,True,True,False,False,False,False,True,False,False,False
407,0,51.0,0,0,7.75,1,True,False,True,False,True,False,False,False,True,False,False,False
408,1,3.0,1,1,18.75,3,True,False,True,True,False,False,False,False,False,False,False,False
409,0,21.0,0,0,7.775,1,True,False,True,False,True,False,False,False,True,False,False,False
410,0,28.0,3,1,25.4667,5,False,False,True,False,True,True,False,False,False,False,False,False
411,0,28.0,0,0,7.8958,1,True,False,True,False,True,False,False,False,True,False,False,False
412,0,28.0,0,0,6.8583,1,True,True,False,False,True,False,False,False,True,False,False,False
413,1,33.0,1,0,90.0,2,False,True,False,False,False,True,False,False,False,False,False,False
414,0,28.0,0,0,0.0,1,True,False,True,True,False,False,False,False,True,False,False,False
415,1,44.0,0,0,7.925,1,True,False,True,False,True,False,False,False,True,False,False,False
416,0,28.0,0,0,8.05,1,False,False,True,False,True,False,False,False,False,True,False,False
417,1,34.0,1,1,32.5,3,False,False,True,True,False,False,False,False,False,True,False,False
418,1,18.0,0,2,13.0,3,False,False,True,True,False,True,False,False,False,False,False,False
419,0,30.0,0,0,13.0,1,True,False,True,True,False,False,False,False,True,False,False,False
420,0,10.0,0,2,24.15,3,False,False,True,False,True,True,False,False,False,False,False,False
421,0,28.0,0,0,7.8958,1,True,False,False,False,True,False,False,False,True,False,False,False
422,0,21.0,0,0,7.7333,1,True,True,False,False,True,False,False,False,True,False,False,False
423,0,29.0,0,0,7.875,1,True,False,True,False,True,False,False,False,True,False,False,False
424,0,28.0,1,1,14.4,3,False,False,True,False,True,False,False,False,False,True,False,False
425,0,18.0,1,1,20.2125,3,True,False,True,False,True,False,False,False,True,False,False,False
426,0,28.0,0,0,7.25,1,True,False,True,False,True,False,False,False,True,False,False,False
427,1,28.0,1,0,26.0,2,False,False,True,True,False,False,False,False,False,True,False,False
428,1,19.0,0,0,26.0,1,False,False,True,True,False,True,False,False,False,False,False,False
429,0,28.0,0,0,7.75,1,True,True,False,False,True,False,False,False,True,False,False,False
430,1,32.0,0,0,8.05,1,True,False,True,False,True,False,False,False,True,False,False,False
431,1,28.0,0,0,26.55,1,True,False,True,False,False,False,False,False,True,False,False,False
432,1,28.0,1,0,16.1,2,False,False,True,False,True,False,False,False,False,True,False,False
433,1,42.0,1,0,26.0,2,False,False,True,True,False,False,False,False,False,True,False,False
434,0,17.0,0,0,7.125,1,True,False,True,False,True,False,False,False,True,False,False,False
435,0,50.0,1,0,55.9,2,True,False,True,False,False,False,False,False,True,False,False,False
436,1,14.0,1,2,120.0,4,False,False,True,False,False,True,False,False,False,False,False,False
437,0,21.0,2,2,34.375,5,False,False,True,False,True,True,False,False,False,False,False,False
438,1,24.0,2,3,18.75,6,False,False,True,True,False,False,False,False,False,True,False,False
439,0,64.0,1,4,263.0,6,True,False,True,False,False,False,False,False,True,False,False,False
440,0,31.0,0,0,10.5,1,True,False,True,True,False,False,False,False,True,False,False,False
441,1,45.0,1,1,26.25,3,False,False,True,True,False,False,False,False,False,True,False,False
442,0,20.0,0,0,9.5,1,True,False,True,False,True,False,False,False,True,False,False,False
443,0,25.0,1,0,7.775,2,True,False,True,False,True,False,False,False,True,False,False,False
444,1,28.0,0,0,13.0,1,False,False,True,True,False,False,False,False,False,False,True,False
445,1,28.0,0,0,8.1125,1,True,False,True,False,True,False,False,False,True,False,False,False
446,1,4.0,0,2,81.8583,3,True,False,True,False,False,False,False,False,False,False,False,False
447,1,13.0,0,1,19.5,2,False,False,True,True,False,True,False,False,False,False,False,False
448,1,34.0,0,0,26.55,1,True,False,True,False,False,False,False,False,True,False,False,False
449,1,5.0,2,1,19.2583,4,False,False,False,False,True,True,False,False,False,False,False,False
450,1,52.0,0,0,30.5,1,True,False,True,False,False,False,False,False,False,False,False,True
451,0,36.0,1,2,27.75,4,True,False,True,True,False,False,False,False,True,False,False,False
452,0,28.0,1,0,19.9667,2,True,False,True,False,True,False,False,False,True,False,False,False
453,0,30.0,0,0,27.75,1,True,False,False,False,False,False,False,False,True,False,False,False
454,1,49.0,1,0,89.1042,2,True,False,False,False,False,False,False,False,True,False,False,False
455,0,28.0,0,0,8.05,1,True,False,True,False,True,False,False,False,True,False,False,False
456,1,29.0,0,0,7.8958,1,True,False,False,False,True,False,False,False,True,False,False,False
457,0,65.0,0,0,26.55,1,True,False,True,False,False,False,False,False,True,False,False,False
458,1,28.0,1,0,51.8625,2,False,False,True,False,False,False,False,False,False,True,False,False
459,1,50.0,0,0,10.5,1,False,False,True,True,False,True,False,False,False,False,False,False
460,0,28.0,0,0,7.75,1,True,True,False,False,True,False,False,False,True,False,False,False
461,1,48.0,0,0,26.55,1,True,False,True,False,False,False,False,False,True,False,False,False
462,0,34.0,0,0,8.05,1,True,False,True,False,True,False,False,False,True,False,False,False
463,0,47.0,0,0,38.5,1,True,False,True,False,False,False,False,False,True,False,False,False
464,0,48.0,0,0,13.0,1,True,False,True,True,False,False,False,False,True,False,False,False
465,0,28.0,0,0,8.05,1,True,False,True,False,True,False,False,False,True,False,False,False
466,0,38.0,0,0,7.05,1,True,False,True,False,True,False,False,False,True,False,False,False
467,0,28.0,0,0,0.0,1,True,False,True,True,False,False,False,False,True,False,False,False
468,0,56.0,0,0,26.55,1,True,False,True,False,False,False,False,False,True,False,False,False
469,0,28.0,0,0,7.725,1,True,True,False,False,True,False,False,False,True,False,False,False
470,1,0.75,2,1,19.2583,4,False,False,False,False,True,True,False,False,False,False,False,False
471,0,28.0,0,0,7.25,1,True,False,True,False,True,False,False,False,True,False,False,False
472,0,38.0,0,0,8.6625,1,True,False,True,False,True,False,False,False,True,False,False,False
473,1,33.0,1,2,27.75,4,False,False,True,True,False,False,False,False,False,True,False,False
474,1,23.0,0,0,13.7917,1,False,False,False,True,False,False,False,False,False,True,False,False
475,0,22.0,0,0,9.8375,1,False,False,True,False,True,True,False,False,False,False,False,False
476,0,28.0,0,0,52.0,1,True,False,True,False,False,False,False,False,True,False,False,False
477,0,34.0,1,0,21.0,2,True,False,True,True,False,False,False,False,True,False,False,False
478,0,29.0,1,0,7.0458,2,True,False,True,False,True,False,False,False,True,False,False,False
479,0,22.0,0,0,7.5208,1,True,False,True,False,True,False,False,False,True,False,False,False
480,1,2.0,0,1,12.2875,2,False,False,True,False,True,True,False,False,False,False,False,False
481,0,9.0,5,2,46.9,8,True,False,True,False,True,False,False,False,False,False,False,False
482,0,28.0,0,0,0.0,1,True,False,True,True,False,False,False,False,True,False,False,False
483,0,50.0,0,0,8.05,1,True,False,True,False,True,False,False,False,True,False,False,False
484,1,63.0,0,0,9.5875,1,False,False,True,False,True,False,False,False,False,True,False,False
485,1,25.0,1,0,91.0792,2,True,False,False,False,False,False,False,False,True,False,False,False
486,0,28.0,3,1,25.4667,5,False,False,True,False,True,True,False,False,False,False,False,False
487,1,35.0,1,0,90.0,2,False,False,True,False,False,False,False,False,False,True,False,False
488,0,58.0,0,0,29.7,1,True,False,False,False,False,False,False,False,True,False,False,False
489,0,30.0,0,0,8.05,1,True,False,True,False,True,False,False,False,True,False,False,False
490,1,9.0,1,1,15.9,3,True,False,True,False,True,False,False,False,False,False,False,False
491,0,28.0,1,0,19.9667,2,True,False,True,False,True,False,False,False,True,False,False,False
492,0,21.0,0,0,7.25,1,True,False,True,False,True,False,False,False,True,False,False,False
493,0,55.0,0,0,30.5,1,True,False,True,False,False,False,False,False,True,False,False,False
494,0,71.0,0,0,49.5042,1,True,False,False,False,False,False,False,False,True,False,False,False
495,0,21.0,0,0,8.05,1,True,False,True,False,True,False,False,False,True,False,False,False
496,0,28.0,0,0,14.4583,1,True,False,False,False,True,False,False,False,True,False,False,False
497,1,54.0,1,0,78.2667,2,False,False,False,False,False,True,False,False,False,False,False,False
498,0,28.0,0,0,15.1,1,True,False,True,False,True,False,False,False,True,False,False,False
499,0,25.0,1,2,151.55,4,False,False,True,False,False,False,False,False,False,True,False,False
500,0,24.0,0,0,7.7958,1,True,False,True,False,True,False,False,False,True,False,False,False
501,0,17.0,0,0,8.6625,1,True,False,True,False,True,False,False,False,True,False,False,False
502,0,21.0,0,0,7.75,1,False,True,False,False,True,True,False,False,False,False,False,False
503,0,28.0,0,0,7.6292,1,False,True,False,False,True,True,False,False,False,False,False,False
504,0,37.0,0,0,9.5875,1,False,False,True,False,True,True,False,False,False,False,False,False
505,1,16.0,0,0,86.5,1,False,False,True,False,False,True,False,False,False,False,False,False
506,0,18.0,1,0,108.9,2,True,False,False,False,False,False,False,False,True,False,False,False
507,1,33.0,0,2,26.0,3,False,False,True,True,False,False,False,False,False,True,False,False
508,1,28.0,0,0,26.55,1,True,False,True,False,False,False,False,False,True,False,False,False
509,0,28.0,0,0,22.525,1,True,False,True,False,True,False,False,False,True,False,False,False
510,1,26.0,0,0,56.4958,1,True,False,True,False,True,False,False,False,True,False,False,False
511,1,29.0,0,0,7.75,1,True,True,False,False,True,False,False,False,True,False,False,False
512,0,28.0,0,0,8.05,1,True,False,True,False,True,False,False,False,True,False,False,False
513,1,36.0,0,0,26.2875,1,True,False,True,False,False,False,False,False,True,False,False,False
514,1,54.0,1,0,59.4,2,False,False,False,False,False,False,False,False,False,True,False,False
515,0,24.0,0,0,7.4958,1,True,False,True,False,True,False,False,False,True,False,False,False
516,0,47.0,0,0,34.0208,1,True,False,True,False,False,False,False,False,True,False,False,False
517,1,34.0,0,0,10.5,1,False,False,True,True,False,False,False,False,False,True,False,False
518,0,28.0,0,0,24.15,1,True,True,False,False,True,False,False,False,True,False,False,False
519,1,36.0,1,0,26.0,2,False,False,True,True,False,False,False,False,False,True,False,False
520,0,32.0,0,0,7.8958,1,True,False,True,False,True,False,False,False,True,False,False,False
521,1,30.0,0,0,93.5,1,False,False,True,False,False,True,False,False,False,False,False,False
522,0,22.0,0,0,7.8958,1,True,False,True,False,True,False,False,False,True,False,False,False
523,0,28.0,0,0,7.225,1,True,False,False,False,True,False,False,False,True,False,False,False
524,1,44.0,0,1,57.9792,2,False,False,False,False,False,False,False,False,False,True,False,False
525,0,28.0,0,0,7.2292,1,True,False,False,False,True,False,False,False,True,False,False,False
526,0,40.5,0,0,7.75,1,True,True,False,False,True,False,False,False,True,False,False,False
527,1,50.0,0,0,10.5,1,False,False,True,True,False,True,False,False,False,False,False,False
528,0,28.0,0,0,221.7792,1,True,False,True,False,False,False,False,False,True,False,False,False
529,0,39.0,0,0,7.925,1,True,False,True,False,True,False,False,False,True,False,False,False
530,0,23.0,2,1,11.5,4,True,False,True,True,False,False,False,False,True,False,False,False
531,1,2.0,1,1,26.0,3,False,False,True,True,False,True,False,False,False,False,False,False
532,0,28.0,0,0,7.2292,1,True,False,False,False,True,False,False,False,True,False,False,False
533,0,17.0,1,1,7.2292,3,True,False,False,False,True,False,False,False,True,False,False,False
534,1,28.0,0,2,22.3583,3,False,False,False,False,True,False,False,False,False,True,False,False
535,0,30.0,0,0,8.6625,1,False,False,True,False,True,True,False,False,False,False,False,False
536,1,7.0,0,2,26.25,3,False,False,True,True,False,True,False,False,False,False,False,False
537,0,45.0,0,0,26.55,1,True,False,True,False,False,False,False,False,False,False,False,True
538,1,30.0,0,0,106.425,1,False,False,False,False,False,True,False,False,False,False,False,False
539,0,28.0,0,0,14.5,1,True,False,True,False,True,False,False,False,True,False,False,False
540,1,22.0,0,2,49.5,3,False,False,False,False,False,True,False,False,False,False,False,False
541,1,36.0,0,2,71.0,3,False,False,True,False,False,True,False,False,False,False,False,False
542,0,9.0,4,2,31.275,7,False,False,True,False,True,True,False,False,False,False,False,False
543,0,11.0,4,2,31.275,7,False,False,True,False,True,True,False,False,False,False,False,False
544,1,32.0,1,0,26.0,2,True,False,True,True,False,False,False,False,True,False,False,False
545,0,50.0,1,0,106.425,2,True,False,False,False,False,False,False,False,True,False,False,False
546,0,64.0,0,0,26.0,1,True,False,True,False,False,False,False,False,True,False,False,False
547,1,19.0,1,0,26.0,2,False,False,True,True,False,False,False,False,False,True,False,False
548,1,28.0,0,0,13.8625,1,True,False,False,True,False,False,False,False,True,False,False,False
549,0,33.0,1,1,20.525,3,True,False,True,False,True,False,False,False,True,False,False,False
550,1,8.0,1,1,36.75,3,True,False,True,True,False,False,False,False,False,False,False,False
551,1,17.0,0,2,110.8833,3,True,False,False,False,False,False,False,False,True,False,False,False
552,0,27.0,0,0,26.0,1,True,False,True,True,False,False,False,False,True,False,False,False
553,0,28.0,0,0,7.8292,1,True,True,False,False,True,False,False,False,True,False,False,False
554,1,22.0,0,0,7.225,1,True,False,False,False,True,False,False,False,True,False,False,False
555,1,22.0,0,0,7.775,1,False,False,True,False,True,True,False,False,False,False,False,False
556,0,62.0,0,0,26.55,1,True,False,True,False,False,False,False,False,True,False,False,False
557,1,48.0,1,0,39.6,2,False,False,False,False,False,False,False,False,False,False,False,True
558,0,28.0,0,0,227.525,1,True,False,False,False,False,False,False,False,True,False,False,False
559,1,39.0,1,1,79.65,3,False,False,True,False,False,False,False,False,False,True,False,False
560,1,36.0,1,0,17.4,2,False,False,True,False,True,False,False,False,False,True,False,False
561,0,28.0,0,0,7.75,1,True,True,False,False,True,False,False,False,True,False,False,False
562,0,40.0,0,0,7.8958,1,True,False,True,False,True,False,False,False,True,False,False,False
563,0,28.0,0,0,13.5,1,True,False,True,True,False,False,False,False,True,False,False,False
564,0,28.0,0,0,8.05,1,True,False,True,False,True,False,False,False,True,False,False,False
565,0,28.0,0,0,8.05,1,False,False,True,False,True,True,False,False,False,False,False,False
566,0,24.0,2,0,24.15,3,True,False,True,False,True,False,False,False,True,False,False,False
567,0,19.0,0,0,7.8958,1,True,False,True,False,True,False,False,False,True,False,False,False
568,0,29.0,0,4,21.075,5,False,False,True,False,True,False,False,False,False,True,False,False
569,0,28.0,0,0,7.2292,1,True,False,False,False,True,False,False,False,True,False,False,False
570,1,32.0,0,0,7.8542,1,True,False,True,False,True,False,False,False,True,False,False,False
571,1,62.0,0,0,10.5,1,True,False,True,True,False,False,False,False,True,False,False,False
572,1,53.0,2,0,51.4792,3,False,False,True,False,False,False,False,False,False,True,False,False
573,1,36.0,0,0,26.3875,1,True,False,True,False,False,False,False,False,True,False,False,False
574,1,28.0,0,0,7.75,1,False,True,False,False,True,True,False,False,False,False,False,False
575,0,16.0,0,0,8.05,1,True,False,True,False,True,False,False,False,True,False,False,False
576,0,19.0,0,0,14.5,1,True,False,True,False,True,False,False,False,True,False,False,False
577,1,34.0,0,0,13.0,1,False,False,True,True,False,True,False,False,False,False,False,False
578,1,39.0,1,0,55.9,2,False,False,True,False,False,False,False,False,False,True,False,False
579,0,28.0,1,0,14.4583,2,False,False,False,False,True,False,False,False,False,True,False,False
580,1,32.0,0,0,7.925,1,True,False,True,False,True,False,False,False,True,False,False,False
581,1,25.0,1,1,30.0,3,False,False,True,True,False,True,False,False,False,False,False,False
582,1,39.0,1,1,110.8833,3,False,False,False,False,False,False,False,False,False,True,False,False
583,0,54.0,0,0,26.0,1,True,False,True,True,False,False,False,False,True,False,False,False
584,0,36.0,0,0,40.125,1,True,False,False,False,False,False,False,False,True,False,False,False
585,0,28.0,0,0,8.7125,1,True,False,False,False,True,False,False,False,True,False,False,False
586,1,18.0,0,2,79.65,3,False,False,True,False,False,True,False,False,False,False,False,False
587,0,47.0,0,0,15.0,1,True,False,True,True,False,False,False,False,True,False,False,False
588,1,60.0,1,1,79.2,3,True,False,False,False,False,False,False,False,True,False,False,False
589,0,22.0,0,0,8.05,1,True,False,True,False,True,False,False,False,True,False,False,False
590,0,28.0,0,0,8.05,1,True,False,True,False,True,False,False,False,True,False,False,False
591,0,35.0,0,0,7.125,1,True,False,True,False,True,False,False,False,True,False,False,False
592,1,52.0,1,0,78.2667,2,False,False,False,False,False,False,False,False,False,True,False,False
593,0,47.0,0,0,7.25,1,True,False,True,False,True,False,False,False,True,False,False,False
594,0,28.0,0,2,7.75,3,False,True,False,False,True,True,False,False,False,False,False,False
595,0,37.0,1,0,26.0,2,True,False,True,True,False,False,False,False,True,False,False,False
596,0,36.0,1,1,24.15,3,True,False,True,False,True,False,False,False,True,False,False,False
597,1,28.0,0,0,33.0,1,False,False,True,True,False,True,False,False,False,False,False,False
598,0,49.0,0,0,0.0,1,True,False,True,False,True,False,False,False,True,False,False,False
599,0,28.0,0,0,7.225,1,True,False,False,False,True,False,False,False,True,False,False,False
600,1,49.0,1,0,56.9292,2,True,False,False,False,False,False,False,False,False,False,False,True
601,1,24.0,2,1,27.0,4,False,False,True,True,False,False,False,False,False,True,False,False
602,0,28.0,0,0,7.8958,1,True,False,True,False,True,False,False,False,True,False,False,False
603,0,28.0,0,0,42.4,1,True,False,True,False,False,False,False,False,True,False,False,False
604,0,44.0,0,0,8.05,1,True,False,True,False,True,False,False,False,True,False,False,False
605,1,35.0,0,0,26.55,1,True,False,False,False,False,False,False,False,True,False,False,False
606,0,36.0,1,0,15.55,2,True,False,True,False,True,False,False,False,True,False,False,False
607,0,30.0,0,0,7.8958,1,True,False,True,False,True,False,False,False,True,False,False,False
608,1,27.0,0,0,30.5,1,True,False,True,False,False,False,False,False,True,False,False,False
609,1,22.0,1,2,41.5792,4,False,False,False,True,False,False,False,False,False,True,False,False
610,1,40.0,0,0,153.4625,1,False,False,True,False,False,True,False,False,False,False,False,False
611,0,39.0,1,5,31.275,7,False,False,True,False,True,False,False,False,False,True,False,False
612,0,28.0,0,0,7.05,1,True,False,True,False,True,False,False,False,True,False,False,False
613,1,28.0,1,0,15.5,2,False,True,False,False,True,True,False,False,False,False,False,False
614,0,28.0,0,0,7.75,1,True,True,False,False,True,False,False,False,True,False,False,False
615,0,35.0,0,0,8.05,1,True,False,True,False,True,False,False,False,True,False,False,False
616,1,24.0,1,2,65.0,4,False,False,True,True,False,True,False,False,False,False,False,False
617,0,34.0,1,1,14.4,3,True,False,True,False,True,False,False,False,True,False,False,False
618,0,26.0,1,0,16.1,2,False,False,True,False,True,False,False,False,False,True,False,False
619,1,4.0,2,1,39.0,4,False,False,True,True,False,True,False,False,False,False,False,False
620,0,26.0,0,0,10.5,1,True,False,True,True,False,False,False,False,True,False,False,False
621,0,27.0,1,0,14.4542,2,True,False,False,False,True,False,False,False,True,False,False,False
622,1,42.0,1,0,52.5542,2,True,False,True,False,False,False,False,False,True,False,False,False
623,1,20.0,1,1,15.7417,3,True,False,False,False,True,False,False,False,True,False,False,False
624,0,21.0,0,0,7.8542,1,True,False,True,False,True,False,False,False,True,False,False,False
625,0,21.0,0,0,16.1,1,True,False,True,False,True,False,False,False,True,False,False,False
626,0,61.0,0,0,32.3208,1,True,False,True,False,False,False,False,False,True,False,False,False
627,0,57.0,0,0,12.35,1,True,True,False,True,False,False,False,False,False,False,False,True
628,1,21.0,0,0,77.9583,1,False,False,True,False,False,True,False,False,False,False,False,False
629,0,26.0,0,0,7.8958,1,True,False,True,False,True,False,False,False,True,False,False,False
630,0,28.0,0,0,7.7333,1,True,True,False,False,True,False,False,False,True,False,False,False
631,1,80.0,0,0,30.0,1,True,False,True,False,False,False,False,False,True,False,False,False
632,0,51.0,0,0,7.0542,1,True,False,True,False,True,False,False,False,True,False,False,False
633,1,32.0,0,0,30.5,1,True,False,False,False,False,False,False,False,False,False,False,True
634,0,28.0,0,0,0.0,1,True,False,True,False,False,False,False,False,True,False,False,False
635,0,9.0,3,2,27.9,6,False,False,True,False,True,True,False,False,False,False,False,False
636,1,28.0,0,0,13.0,1,False,False,True,True,False,True,False,False,False,False,False,False
637,0,32.0,0,0,7.925,1,True,False,True,False,True,False,False,False,True,False,False,False
638,0,31.0,1,1,26.25,3,True,False,True,True,False,False,False,False,True,False,False,False
639,0,41.0,0,5,39.6875,6,False,False,True,False,True,False,False,False,False,True,False,False
640,0,28.0,1,0,16.1,2,True,False,True,False,True,False,False,False,True,False,False,False
641,0,20.0,0,0,7.8542,1,True,False,True,False,True,False,False,False,True,False,False,False
642,1,24.0,0,0,69.3,1,False,False,False,False,False,False,True,False,False,False,False,False
643,0,2.0,3,2,27.9,6,False,False,True,False,True,True,False,False,False,False,False,False
644,1,28.0,0,0,56.4958,1,True,False,True,False,True,False,False,False,True,False,False,False
645,1,0.75,2,1,19.2583,4,False,False,False,False,True,True,False,False,False,False,False,False
646,1,48.0,1,0,76.7292,2,True,False,False,False,False,False,False,False,True,False,False,False
647,0,19.0,0,0,7.8958,1,True,False,True,False,True,False,False,False,True,False,False,False
648,1,56.0,0,0,35.5,1,True,False,False,False,False,False,False,False,False,False,False,True
649,0,28.0,0,0,7.55,1,True,False,True,False,True,False,False,False,True,False,False,False
650,1,23.0,0,0,7.55,1,False,False,True,False,True,True,False,False,False,False,False,False
651,0,28.0,0,0,7.8958,1,True,False,True,False,True,False,False,False,True,False,False,False
652,1,18.0,0,1,23.0,2,False,False,True,True,False,True,False,False,False,False,False,False
653,0,21.0,0,0,8.4333,1,True,False,True,False,True,False,False,False,True,False,False,False
654,1,28.0,0,0,7.8292,1,False,True,False,False,True,True,False,False,False,False,False,False
655,0,18.0,0,0,6.75,1,False,True,False,False,True,True,False,False,False,False,False,False
656,0,24.0,2,0,73.5,3,True,False,True,True,False,False,False,False,True,False,False,False
657,0,28.0,0,0,7.8958,1,True,False,True,False,True,False,False,False,True,False,False,False
658,0,32.0,1,1,15.5,3,False,True,False,False,True,False,False,False,False,True,False,False
659,0,23.0,0,0,13.0,1,True,False,True,True,False,False,False,False,True,False,False,False
660,0,58.0,0,2,113.275,3,True,False,False,False,False,False,False,False,True,False,False,False
661,1,50.0,2,0,133.65,3,True,False,True,False,False,False,False,False,False,False,False,True
662,0,40.0,0,0,7.225,1,True,False,False,False,True,False,False,False,True,False,False,False
663,0,47.0,0,0,25.5875,1,True,False,True,False,False,False,False,False,True,False,False,False
664,0,36.0,0,0,7.4958,1,True,False,True,False,True,False,False,False,True,False,False,False
665,1,20.0,1,0,7.925,2,True,False,True,False,True,False,False,False,True,False,False,False
666,0,32.0,2,0,73.5,3,True,False,True,True,False,False,False,False,True,False,False,False
667,0,25.0,0,0,13.0,1,True,False,True,True,False,False,False,False,True,False,False,False
668,0,28.0,0,0,7.775,1,True,False,True,False,True,False,False,False,True,False,False,False
669,0,43.0,0,0,8.05,1,True,False,True,False,True,False,False,False,True,False,False,False
670,1,28.0,1,0,52.0,2,False,False,True,False,False,False,False,False,False,True,False,False
671,1,40.0,1,1,39.0,3,False,False,True,True,False,False,False,False,False,True,False,False
672,0,31.0,1,0,52.0,2,True,False,True,False,False,False,False,False,True,False,False,False
673,0,70.0,0,0,10.5,1,True,False,True,True,False,False,False,False,True,False,False,False
674,1,31.0,0,0,13.0,1,True,False,True,True,False,False,False,False,True,False,False,False
675,0,28.0,0,0,0.0,1,True,False,True,True,False,False,False,False,True,False,False,False
676,0,18.0,0,0,7.775,1,True,False,True,False,True,False,False,False,True,False,False,False
677,0,24.5,0,0,8.05,1,True,False,True,False,True,False,False,False,True,False,False,False
678,1,18.0,0,0,9.8417,1,False,False,True,False,True,True,False,False,False,False,False,False
679,0,43.0,1,6,46.9,8,False,False,True,False,True,False,False,False,False,True,False,False
680,1,36.0,0,1,512.3292,2,True,False,False,False,False,False,False,False,True,False,False,False
681,0,28.0,0,0,8.1375,1,False,True,False,False,True,True,False,False,False,False,False,False
682,1,27.0,0,0,76.7292,1,True,False,False,False,False,False,False,False,True,False,False,False
683,0,20.0,0,0,9.225,1,True,False,True,False,True,False,False,False,True,False,False,False
684,0,14.0,5,2,46.9,8,True,False,True,False,True,False,False,False,True,False,False,False
685,0,60.0,1,1,39.0,3,True,False,True,True,False,False,False,False,True,False,False,False
686,0,25.0,1,2,41.5792,4,True,False,False,True,False,False,False,False,True,False,False,False
687,0,14.0,4,1,39.6875,6,True,False,True,False,True,False,False,False,True,False,False,False
688,0,19.0,0,0,10.1708,1,True,False,True,False,True,False,False,False,True,False,False,False
689,0,18.0,0,0,7.7958,1,True,False,True,False,True,False,False,False,True,False,False,False
690,1,15.0,0,1,211.3375,2,False,False,True,False,False,True,False,False,False,False,False,False
691,1,31.0,1,0,57.0,2,True,False,True,False,False,False,False,False,True,False,False,False
692,1,4.0,0,1,13.4167,2,False,False,False,False,True,True,False,False,False,False,False,False
693,1,28.0,0,0,56.4958,1,True,False,True,False,True,False,False,False,True,False,False,False
694,0,25.0,0,0,7.225,1,True,False,False,False,True,False,False,False,True,False,False,False
695,0,60.0,0,0,26.55,1,True,False,True,False,False,False,False,False,False,False,False,True
696,0,52.0,0,0,13.5,1,True,False,True,True,False,False,False,False,True,False,False,False
697,0,44.0,0,0,8.05,1,True,False,True,False,True,False,False,False,True,False,False,False
698,1,28.0,0,0,7.7333,1,False,True,False,False,True,True,False,False,False,False,False,False
699,0,49.0,1,1,110.8833,3,True,False,False,False,False,False,False,False,True,False,False,False
700,0,42.0,0,0,7.65,1,True,False,True,False,True,False,False,False,True,False,False,False
701,1,18.0,1,0,227.525,2,False,False,False,False,False,False,False,False,False,True,False,False
702,1,35.0,0,0,26.2875,1,True,False,True,False,False,False,False,False,True,False,False,False
703,0,18.0,0,1,14.4542,2,False,False,False,False,True,True,False,False,False,False,False,False
704,0,25.0,0,0,7.7417,1,True,True,False,False,True,False,False,False,True,False,False,False
705,0,26.0,1,0,7.8542,2,True,False,True,False,True,False,False,False,True,False,False,False
706,0,39.0,0,0,26.0,1,True,False,True,True,False,False,False,False,True,False,False,False
707,1,45.0,0,0,13.5,1,False,False,True,True,False,False,False,False,False,True,False,False
708,1,42.0,0,0,26.2875,1,True,False,True,False,False,False,False,False,True,False,False,False
709,1,22.0,0,0,151.55,1,False,False,True,False,False,True,False,False,False,False,False,False
710,1,28.0,1,1,15.2458,3,True,False,False,False,True,False,False,False,False,False,False,False
711,1,24.0,0,0,49.5042,1,False,False,False,False,False,False,True,False,False,False,False,False
712,0,28.0,0,0,26.55,1,True,False,True,False,False,False,False,False,True,False,False,False
713,1,48.0,1,0,52.0,2,True,False,True,False,False,False,False,False,True,False,False,False
714,0,29.0,0,0,9.4833,1,True,False,True,False,True,False,False,False,True,False,False,False
715,0,52.0,0,0,13.0,1,True,False,True,True,False,False,False,False,True,False,False,False
716,0,19.0,0,0,7.65,1,True,False,True,False,True,False,False,False,True,False,False,False
717,1,38.0,0,0,227.525,1,False,False,False,False,False,True,False,False,False,False,False,False
718,1,27.0,0,0,10.5,1,False,False,True,True,False,True,False,False,False,False,False,False
719,0,28.0,0,0,15.5,1,True,True,False,False,True,False,False,False,True,False,False,False
720,0,33.0,0,0,7.775,1,True,False,True,False,True,False,False,False,True,False,False,False
721,1,6.0,0,1,33.0,2,False,False,True,True,False,True,False,False,False,False,False,False
722,0,17.0,1,0,7.0542,2,True,False,True,False,True,False,False,False,True,False,False,False
723,0,34.0,0,0,13.0,1,True,False,True,True,False,False,False,False,True,False,False,False
724,0,50.0,0,0,13.0,1,True,False,True,True,False,False,False,False,True,False,False,False
725,1,27.0,1,0,53.1,2,True,False,True,False,False,False,False,False,True,False,False,False
726,0,20.0,0,0,8.6625,1,True,False,True,False,True,False,False,False,True,False,False,False
727,1,30.0,3,0,21.0,4,False,False,True,True,False,False,False,False,False,True,False,False
728,1,28.0,0,0,7.7375,1,False,True,False,False,True,True,False,False,False,False,False,False
729,0,25.0,1,0,26.0,2,True,False,True,True,False,False,False,False,True,False,False,False
730,0,25.0,1,0,7.925,2,False,False,True,False,True,True,False,False,False,False,False,False
731,1,29.0,0,0,211.3375,1,False,False,True,False,False,True,False,False,False,False,False,False
732,0,11.0,0,0,18.7875,1,True,False,False,False,True,False,False,False,True,False,False,False
733,0,28.0,0,0,0.0,1,True,False,True,True,False,False,False,False,True,False,False,False
734,0,23.0,0,0,13.0,1,True,False,True,True,False,False,False,False,True,False,False,False
735,0,23.0,0,0,13.0,1,True,False,True,True,False,False,False,False,True,False,False,False
736,0,28.5,0,0,16.1,1,True,False,True,False,True,False,False,False,True,False,False,False
737,0,48.0,1,3,34.375,5,False,False,True,False,True,False,False,False,False,True,False,False
738,1,35.0,0,0,512.3292,1,True,False,False,False,False,False,False,False,True,False,False,False
739,0,28.0,0,0,7.8958,1,True,False,True,False,True,False,False,False,True,False,False,False
740,0,28.0,0,0,7.8958,1,True,False,True,False,True,False,False,False,True,False,False,False
741,1,28.0,0,0,30.0,1,True,False,True,False,False,False,False,False,True,False,False,False
742,0,36.0,1,0,78.85,2,True,False,True,False,False,False,False,False,True,False,False,False
743,1,21.0,2,2,262.375,5,False,False,False,False,False,True,False,False,False,False,False,False
744,0,24.0,1,0,16.1,2,True,False,True,False,True,False,False,False,True,False,False,False
745,1,31.0,0,0,7.925,1,True,False,True,False,True,False,False,False,True,False,False,False
746,0,70.0,1,1,71.0,3,True,False,True,False,False,False,False,False,False,False,False,True
747,0,16.0,1,1,20.25,3,True,False,True,False,True,False,False,False,True,False,False,False
748,1,30.0,0,0,13.0,1,False,False,True,True,False,True,False,False,False,False,False,False
749,0,19.0,1,0,53.1,2,True,False,True,False,False,False,False,False,True,False,False,False
750,0,31.0,0,0,7.75,1,True,True,False,False,True,False,False,False,True,False,False,False
751,1,4.0,1,1,23.0,3,False,False,True,True,False,True,False,False,False,False,False,False
752,1,6.0,0,1,12.475,2,True,False,True,False,True,False,False,False,False,False,False,False
753,0,33.0,0,0,9.5,1,True,False,True,False,True,False,False,False,True,False,False,False
754,0,23.0,0,0,7.8958,1,True,False,True,False,True,False,False,False,True,False,False,False
755,1,48.0,1,2,65.0,4,False,False,True,True,False,False,False,False,False,True,False,False
756,1,0.67,1,1,14.5,3,True,False,True,True,False,False,False,False,False,False,False,False
757,0,28.0,0,0,7.7958,1,True,False,True,False,True,False,False,False,True,False,False,False
758,0,18.0,0,0,11.5,1,True,False,True,True,False,False,False,False,True,False,False,False
759,0,34.0,0,0,8.05,1,True,False,True,False,True,False,False,False,True,False,False,False
760,1,33.0,0,0,86.5,1,False,False,True,False,False,False,False,False,False,False,False,True
761,0,28.0,0,0,14.5,1,True,False,True,False,True,False,False,False,True,False,False,False
762,0,41.0,0,0,7.125,1,True,False,True,False,True,False,False,False,True,False,False,False
763,1,20.0,0,0,7.2292,1,True,False,False,False,True,False,False,False,True,False,False,False
764,1,36.0,1,2,120.0,4,False,False,True,False,False,False,False,False,False,True,False,False
765,0,16.0,0,0,7.775,1,True,False,True,False,True,False,False,False,True,False,False,False
766,1,51.0,1,0,77.9583,2,False,False,True,False,False,False,False,False,False,True,False,False
767,0,28.0,0,0,39.6,1,True,False,False,False,False,False,False,False,False,False,False,True
768,0,30.5,0,0,7.75,1,False,True,False,False,True,True,False,False,False,False,False,False
769,0,28.0,1,0,24.15,2,True,True,False,False,True,False,False,False,True,False,False,False
770,0,32.0,0,0,8.3625,1,True,False,True,False,True,False,False,False,True,False,False,False
771,0,24.0,0,0,9.5,1,True,False,True,False,True,False,False,False,True,False,False,False
772,0,48.0,0,0,7.8542,1,True,False,True,False,True,False,False,False,True,False,False,False
773,0,57.0,0,0,10.5,1,False,False,True,True,False,False,False,False,False,True,False,False
774,0,28.0,0,0,7.225,1,True,False,False,False,True,False,False,False,True,False,False,False
775,1,54.0,1,3,23.0,5,False,False,True,True,False,False,False,False,False,True,False,False
776,0,18.0,0,0,7.75,1,True,False,True,False,True,False,False,False,True,False,False,False
777,0,28.0,0,0,7.75,1,True,True,False,False,True,False,False,False,True,False,False,False
778,1,5.0,0,0,12.475,1,False,False,True,False,True,True,False,False,False,False,False,False
779,0,28.0,0,0,7.7375,1,True,True,False,False,True,False,False,False,True,False,False,False
780,1,43.0,0,1,211.3375,2,False,False,True,False,False,False,False,False,False,True,False,False
781,1,13.0,0,0,7.2292,1,False,False,False,False,True,True,False,False,False,False,False,False
782,1,17.0,1,0,57.0,2,False,False,True,False,False,False,False,False,False,True,False,False
783,0,29.0,0,0,30.0,1,True,False,True,False,False,False,False,False,True,False,False,False
784,0,28.0,1,2,23.45,4,True,False,True,False,True,False,False,False,True,False,False,False
785,0,25.0,0,0,7.05,1,True,False,True,False,True,False,False,False,True,False,False,False
786,0,25.0,0,0,7.25,1,True,False,True,False,True,False,False,False,True,False,False,False
787,1,18.0,0,0,7.4958,1,False,False,True,False,True,True,False,False,False,False,False,False
788,0,8.0,4,1,29.125,6,True,True,False,False,True,False,False,False,False,False,False,False
789,1,1.0,1,2,20.575,4,True,False,True,False,True,False,False,False,False,False,False,False
790,0,46.0,0,0,79.2,1,True,False,False,False,False,False,False,False,True,False,False,False
791,0,28.0,0,0,7.75,1,True,True,False,False,True,False,False,False,True,False,False,False
792,0,16.0,0,0,26.0,1,True,False,True,True,False,False,False,False,True,False,False,False
793,0,28.0,8,2,69.55,11,False,False,True,False,True,True,False,False,False,False,False,False
794,0,28.0,0,0,30.6958,1,True,False,False,False,False,False,False,False,True,False,False,False
795,0,25.0,0,0,7.8958,1,True,False,True,False,True,False,False,False,True,False,False,False
796,0,39.0,0,0,13.0,1,True,False,True,True,False,False,False,False,True,False,False,False
797,1,49.0,0,0,25.9292,1,False,False,True,False,False,False,False,False,False,False,False,True
798,1,31.0,0,0,8.6833,1,False,False,True,False,True,False,False,False,False,True,False,False
799,0,30.0,0,0,7.2292,1,True,False,False,False,True,False,False,False,True,False,False,False
800,0,30.0,1,1,24.15,3,False,False,True,False,True,False,False,False,False,True,False,False
801,0,34.0,0,0,13.0,1,True,False,True,True,False,False,False,False,True,False,False,False
802,1,31.0,1,1,26.25,3,False,False,True,True,False,False,False,False,False,True,False,False
803,1,11.0,1,2,120.0,4,True,False,True,False,False,False,False,False,False,False,False,False
804,1,0.42,0,1,8.5167,2,True,False,False,False,True,False,False,False,False,False,False,False
805,1,27.0,0,0,6.975,1,True,False,True,False,True,False,False,False,True,False,False,False
806,0,31.0,0,0,7.775,1,True,False,True,False,True,False,False,False,True,False,False,False
807,0,39.0,0,0,0.0,1,True,False,True,False,False,False,False,False,True,False,False,False
808,0,18.0,0,0,7.775,1,False,False,True,False,True,True,False,False,False,False,False,False
809,0,39.0,0,0,13.0,1,True,False,True,True,False,False,False,False,True,False,False,False
810,1,33.0,1,0,53.1,2,False,False,True,False,False,False,False,False,False,True,False,False
811,0,26.0,0,0,7.8875,1,True,False,True,False,True,False,False,False,True,False,False,False
812,0,39.0,0,0,24.15,1,True,False,True,False,True,False,False,False,True,False,False,False
813,0,35.0,0,0,10.5,1,True,False,True,True,False,False,False,False,True,False,False,False
814,0,6.0,4,2,31.275,7,False,False,True,False,True,True,False,False,False,False,False,False
815,0,30.5,0,0,8.05,1,True,False,True,False,True,False,False,False,True,False,False,False
816,0,28.0,0,0,0.0,1,True,False,True,False,False,False,False,False,True,False,False,False
817,0,23.0,0,0,7.925,1,False,False,True,False,True,True,False,False,False,False,False,False
818,0,31.0,1,1,37.0042,3,True,False,False,True,False,False,False,False,True,False,False,False
819,0,43.0,0,0,6.45,1,True,False,True,False,True,False,False,False,True,False,False,False
820,0,10.0,3,2,27.9,6,True,False,True,False,True,False,False,False,False,False,False,False
821,1,52.0,1,1,93.5,3,False,False,True,False,False,False,False,False,False,True,False,False
822,1,27.0,0,0,8.6625,1,True,False,True,False,True,False,False,False,True,False,False,False
823,0,38.0,0,0,0.0,1,True,False,True,False,False,False,False,False,False,False,False,True
824,1,27.0,0,1,12.475,2,False,False,True,False,True,False,False,False,False,True,False,False
825,0,2.0,4,1,39.6875,6,True,False,True,False,True,False,False,False,False,False,False,False
826,0,28.0,0,0,6.95,1,True,True,False,False,True,False,False,False,True,False,False,False
827,0,28.0,0,0,56.4958,1,True,False,True,False,True,False,False,False,True,False,False,False
828,1,1.0,0,2,37.0042,3,True,False,False,True,False,False,False,False,False,False,False,False
829,1,28.0,0,0,7.75,1,True,True,False,False,True,False,False,False,True,False,False,False
830,1,62.0,0,0,80.0,1,False,False,True,False,False,False,False,False,False,True,False,False
831,1,15.0,1,0,14.4542,2,False,False,False,False,True,False,False,False,False,True,False,False
832,1,0.83,1,1,18.75,3,True,False,True,True,False,False,False,False,False,False,False,False
833,0,28.0,0,0,7.2292,1,True,False,False,False,True,False,False,False,True,False,False,False
834,0,23.0,0,0,7.8542,1,True,False,True,False,True,False,False,False,True,False,False,False
835,0,18.0,0,0,8.3,1,True,False,True,False,True,False,False,False,True,False,False,False
836,1,39.0,1,1,83.1583,3,False,False,False,False,False,True,False,False,False,False,False,False
837,0,21.0,0,0,8.6625,1,True,False,True,False,True,False,False,False,True,False,False,False
838,0,28.0,0,0,8.05,1,True,False,True,False,True,False,False,False,True,False,False,False
839,1,32.0,0,0,56.4958,1,True,False,True,False,True,False,False,False,True,False,False,False
840,1,28.0,0,0,29.7,1,True,False,False,False,False,False,False,False,True,False,False,False
841,0,20.0,0,0,7.925,1,True,False,True,False,True,False,False,False,True,False,False,False
842,0,16.0,0,0,10.5,1,True,False,True,True,False,False,False,False,True,False,False,False
843,1,30.0,0,0,31.0,1,False,False,False,False,False,True,False,False,False,False,False,False
844,0,34.5,0,0,6.4375,1,True,False,False,False,True,False,False,False,True,False,False,False
845,0,17.0,0,0,8.6625,1,True,False,True,False,True,False,False,False,True,False,False,False
846,0,42.0,0,0,7.55,1,True,False,True,False,True,False,False,False,True,False,False,False
847,0,28.0,8,2,69.55,11,True,False,True,False,True,False,False,False,True,False,False,False
848,0,35.0,0,0,7.8958,1,True,False,False,False,True,False,False,False,True,False,False,False
849,0,28.0,0,1,33.0,2,True,False,True,True,False,False,False,False,False,False,False,True
850,1,28.0,1,0,89.1042,2,False,False,False,False,False,False,False,False,False,True,False,False
851,0,4.0,4,2,31.275,7,True,False,True,False,True,False,False,False,False,False,False,False
852,0,74.0,0,0,7.775,1,True,False,True,False,True,False,False,False,True,False,False,False
853,0,9.0,1,1,15.2458,3,False,False,False,False,True,True,False,False,False,False,False,False
854,1,16.0,0,1,39.4,2,False,False,True,False,False,True,False,False,False,False,False,False
855,0,44.0,1,0,26.0,2,False,False,True,True,False,False,False,False,False,True,False,False
856,1,18.0,0,1,9.35,2,False,False,True,False,True,False,False,False,False,True,False,False
857,1,45.0,1,1,164.8667,3,False,False,True,False,False,False,False,False,False,True,False,False
858,1,51.0,0,0,26.55,1,True,False,True,False,False,False,False,False,True,False,False,False
859,1,24.0,0,3,19.2583,4,False,False,False,False,True,False,False,False,False,True,False,False
860,0,28.0,0,0,7.2292,1,True,False,False,False,True,False,False,False,True,False,False,False
861,0,41.0,2,0,14.1083,3,True,False,True,False,True,False,False,False,True,False,False,False
862,0,21.0,1,0,11.5,2,True,False,True,True,False,False,False,False,True,False,False,False
863,1,48.0,0,0,25.9292,1,False,False,True,False,False,False,False,False,False,True,False,False
864,0,28.0,8,2,69.55,11,False,False,True,False,True,True,False,False,False,False,False,False
865,0,24.0,0,0,13.0,1,True,False,True,True,False,False,False,False,True,False,False,False
866,1,42.0,0,0,13.0,1,False,False,True,True,False,False,False,False,False,True,False,False
867,1,27.0,1,0,13.8583,2,False,False,False,True,False,True,False,False,False,False,False,False
868,0,31.0,0,0,50.4958,1,True,False,True,False,False,False,False,False,True,False,False,False
869,0,28.0,0,0,9.5,1,True,False,True,False,True,False,False,False,True,False,False,False
870,1,4.0,1,1,11.1333,3,True,False,True,False,True,False,False,False,False,False,False,False
871,0,26.0,0,0,7.8958,1,True,False,True,False,True,False,False,False,True,False,False,False
872,1,47.0,1,1,52.5542,3,False,False,True,False,False,False,False,False,False,True,False,False
873,0,33.0,0,0,5.0,1,True,False,True,False,False,False,False,False,True,False,False,False
874,0,47.0,0,0,9.0,1,True,False,True,False,True,False,False,False,True,False,False,False
875,1,28.0,1,0,24.0,2,False,False,False,True,False,False,False,False,False,True,False,False
876,1,15.0,0,0,7.225,1,False,False,False,False,True,True,False,False,False,False,False,False
877,0,20.0,0,0,9.8458,1,True,False,True,False,True,False,False,False,True,False,False,False
878,0,19.0,0,0,7.8958,1,True,False,True,False,True,False,False,False,True,False,False,False
879,0,28.0,0,0,7.8958,1,True,False,True,False,True,False,False,False,True,False,False,False
880,1,56.0,0,1,83.1583,2,False,False,False,False,False,False,False,False,False,True,False,False
881,1,25.0,0,1,26.0,2,False,False,True,True,False,False,False,False,False,True,False,False
882,0,33.0,0,0,7.8958,1,True,False,True,False,True,False,False,False,True,False,False,False
883,0,22.0,0,0,10.5167,1,False,False,True,False,True,True,False,False,False,False,False,False
884,0,28.0,0,0,10.5,1,True,False,True,True,False,False,False,False,True,False,False,False
885,0,25.0,0,0,7.05,1,True,False,True,False,True,False,False,False,True,False,False,False
886,0,39.0,0,5,29.125,6,False,True,False,False,True,False,False,False,False,True,False,False
887,0,27.0,0,0,13.0,1,True,False,True,True,False,False,False,False,False,False,False,True
888,1,19.0,0,0,30.0,1,False,False,True,False,False,True,False,False,False,False,False,False
889,0,28.0,1,2,23.45,4,False,False,True,False,True,True,False,False,False,False,False,False
890,1,26.0,0,0,30.0,1,True,False,False,False,False,False,False,False,True,False,False,False
891,0,32.0,0,0,7.75,1,True,True,False,False,True,False,False,False,True,False,False,False
